vehicle_id,trip_id,vehicle_type,vehicle_temp,brand,district,orders,chilled_orders,weight_kg,weight_util,volume_m3,volume_util,minutes
VEH003,1,truck,reefer,Fresh,Gampaha,2,2,4094.7,0.743,21.152,0.801,76
VEH003,2,truck,reefer,Fresh,Galle,2,2,3412.5,0.619,20.269,0.768,143
VEH006,1,truck,reefer,Fresh,Matara,2,2,2208.0,0.323,11.978,0.359,177
VEH006,2,truck,reefer,Fresh,Kurunegala,3,3,4593.3,0.672,25.039,0.75,210
VEH007,1,truck,reefer,Fresh,Puttalam,1,1,1588.8,0.44,8.659,0.446,188
VEH007,2,truck,reefer,Style,Kurunegala,1,0,531.8,0.147,9.379,0.483,173
VEH008,1,truck,ambient,Fresh,Galle,6,0,2732.8,0.719,15.297,0.695,242
VEH015,1,truck,ambient,Fresh,Matara,4,0,2165.0,0.57,11.343,0.516,227
VEH015,2,truck,ambient,Style,Galle,2,0,1315.7,0.346,19.68,0.895,217
VEH017,1,truck,ambient,Fresh,Puttalam,3,0,1271.3,0.335,6.857,0.312,266
VEH017,2,truck,ambient,Tech,Colombo,1,0,896.0,0.236,2.741,0.125,79
VEH018,1,truck,ambient,Fresh,Kurunegala,5,0,2251.9,0.593,11.556,0.525,278
VEH024,1,truck,ambient,Fresh,Gampaha,10,0,6005.9,0.924,32.56,0.958,270
VEH025,1,truck,ambient,Fresh,Colombo,7,0,3541.6,0.932,19.103,0.868,179
VEH025,2,truck,ambient,Tech,Colombo,2,0,3262.1,0.858,10.043,0.456,130
VEH027,1,truck,ambient,Fresh,Kalutara,4,0,2474.6,0.651,13.0,0.591,161
VEH034,1,truck,ambient,Fresh,Colombo,3,0,2596.3,0.683,13.701,0.623,87
VEH034,2,truck,ambient,Tech,Kurunegala,1,0,1006.3,0.265,3.72,0.169,170
VEH036,1,van,reefer,Fresh,Colombo,2,2,777.6,0.748,4.288,0.613,64
VEH036,2,van,reefer,Fresh,Kalutara,3,0,845.2,0.813,4.877,0.697,134
VEH037,1,van,ambient,Style,Matara,1,0,469.2,0.427,7.494,0.937,183
VEH038,1,van,ambient,Fresh,Colombo,4,0,953.8,0.795,4.674,0.519,111
VEH038,2,van,ambient,Tech,Matara,1,0,477.9,0.398,1.55,0.172,180
