offset,source_date,delivery_id,outlet_id,temp_requirement,order_units,order_weight_kg,order_volume_m3
-2,2026-03-17,ORD0095799,OUT001,ambient,9,75.1,0.384
-2,2026-03-17,ORD0095800,OUT001,chilled,17,118.6,0.686
-2,2026-03-17,ORD0095801,OUT002,ambient,15,80.0,0.447
-2,2026-03-17,ORD0095802,OUT002,chilled,11,99.7,0.479
-2,2026-03-17,ORD0095803,OUT003,ambient,15,82.9,0.467
-2,2026-03-17,ORD0095804,OUT004,ambient,26,193.9,1.021
-2,2026-03-17,ORD0095805,OUT005,ambient,49,324.5,1.865
-2,2026-03-17,ORD0095806,OUT006,ambient,61,429.3,2.356
-2,2026-03-17,ORD0095807,OUT006,chilled,88,431.0,2.543
-2,2026-03-17,ORD0095808,OUT007,ambient,70,449.0,2.777
-2,2026-03-17,ORD0095809,OUT008,ambient,38,239.6,1.248
-2,2026-03-17,ORD0095810,OUT008,chilled,29,176.2,0.968
-2,2026-03-17,ORD0095811,OUT009,ambient,38,258.3,1.415
-2,2026-03-17,ORD0095812,OUT009,chilled,42,300.1,1.573
-2,2026-03-17,ORD0095813,OUT010,ambient,40,310.5,1.72
-2,2026-03-17,ORD0095814,OUT010,chilled,37,257.3,1.381
-2,2026-03-17,ORD0095815,OUT011,ambient,45,325.6,1.878
-2,2026-03-17,ORD0095816,OUT011,chilled,38,238.1,1.337
-2,2026-03-17,ORD0095817,OUT012,ambient,49,291.3,1.71
-2,2026-03-17,ORD0095818,OUT012,chilled,31,188.3,1.09
-2,2026-03-17,ORD0095819,OUT013,ambient,106,816.8,3.924
-2,2026-03-17,ORD0095820,OUT014,ambient,32,218.9,1.092
-2,2026-03-17,ORD0095821,OUT021,ambient,10,1804.6,6.135
-2,2026-03-17,ORD0095822,OUT024,ambient,3,516.1,1.937
-2,2026-03-17,ORD0095823,OUT025,ambient,29,202.7,1.113
-2,2026-03-17,ORD0095824,OUT025,chilled,19,121.5,0.653
-2,2026-03-17,ORD0095825,OUT026,ambient,39,250.2,1.38
-2,2026-03-17,ORD0095826,OUT026,chilled,30,168.2,0.894
-2,2026-03-17,ORD0095827,OUT027,ambient,54,287.4,1.552
-2,2026-03-17,ORD0095828,OUT027,chilled,24,227.2,1.075
-2,2026-03-17,ORD0095829,OUT028,ambient,49,331.3,1.866
-2,2026-03-17,ORD0095830,OUT028,chilled,45,327.3,1.67
-2,2026-03-17,ORD0095831,OUT029,ambient,39,286.1,1.475
-2,2026-03-17,ORD0095832,OUT029,chilled,46,340.2,1.701
-2,2026-03-17,ORD0095833,OUT030,ambient,45,256.9,1.418
-2,2026-03-17,ORD0095834,OUT030,chilled,47,293.8,1.69
-2,2026-03-17,ORD0095835,OUT031,ambient,126,1004.1,5.058
-2,2026-03-17,ORD0095836,OUT031,chilled,95,864.3,4.422
-2,2026-03-17,ORD0095837,OUT032,ambient,62,469.9,2.631
-2,2026-03-17,ORD0095838,OUT032,chilled,79,532.7,3.017
-2,2026-03-17,ORD0095839,OUT033,ambient,53,458.5,2.349
-2,2026-03-17,ORD0095840,OUT034,ambient,62,347.8,1.922
-2,2026-03-17,ORD0095841,OUT034,chilled,55,376.5,2.242
-2,2026-03-17,ORD0095842,OUT040,ambient,74,468.7,2.392
-2,2026-03-17,ORD0095843,OUT040,chilled,44,329.0,1.751
-2,2026-03-17,ORD0095844,OUT041,ambient,30,265.5,1.515
-2,2026-03-17,ORD0095845,OUT041,chilled,27,195.8,1.164
-2,2026-03-17,ORD0095846,OUT042,ambient,141,949.8,5.128
-2,2026-03-17,ORD0095847,OUT042,chilled,77,601.7,2.892
-2,2026-03-17,ORD0095848,OUT043,ambient,22,119.0,0.759
-2,2026-03-17,ORD0095849,OUT043,chilled,34,182.5,0.962
-2,2026-03-17,ORD0095850,OUT044,ambient,36,272.4,1.334
-2,2026-03-17,ORD0095851,OUT044,chilled,22,155.7,0.887
-2,2026-03-17,ORD0095852,OUT045,ambient,31,210.6,1.054
-2,2026-03-17,ORD0095853,OUT045,chilled,31,229.2,1.296
-2,2026-03-17,ORD0095854,OUT046,ambient,36,215.1,1.215
-2,2026-03-17,ORD0095855,OUT046,chilled,33,215.9,1.143
-2,2026-03-17,ORD0095856,OUT050,ambient,59,327.9,1.802
-2,2026-03-17,ORD0095857,OUT050,chilled,65,439.6,2.185
-2,2026-03-17,ORD0095858,OUT051,ambient,24,182.5,1.005
-2,2026-03-17,ORD0095859,OUT051,chilled,16,102.3,0.565
-2,2026-03-17,ORD0095860,OUT052,ambient,48,331.4,1.995
-2,2026-03-17,ORD0095861,OUT052,chilled,47,328.4,1.743
-2,2026-03-17,ORD0095862,OUT053,ambient,26,156.2,0.882
-2,2026-03-17,ORD0095863,OUT054,ambient,50,389.9,2.16
-2,2026-03-17,ORD0095864,OUT055,ambient,48,338.2,1.736
-2,2026-03-17,ORD0095865,OUT055,chilled,33,274.7,1.445
-2,2026-03-17,ORD0095866,OUT059,ambient,56,326.7,1.763
-2,2026-03-17,ORD0095867,OUT059,chilled,47,340.0,1.79
-2,2026-03-17,ORD0095868,OUT060,ambient,42,314.6,1.683
-2,2026-03-17,ORD0095869,OUT060,chilled,41,343.1,1.664
-2,2026-03-17,ORD0095870,OUT061,ambient,43,318.9,1.702
-2,2026-03-17,ORD0095871,OUT061,chilled,30,239.0,1.199
-2,2026-03-17,ORD0095872,OUT062,ambient,57,468.5,2.388
-2,2026-03-17,ORD0095873,OUT062,chilled,37,230.5,1.278
-2,2026-03-17,ORD0095874,OUT064,ambient,2,402.0,1.186
-2,2026-03-17,ORD0095875,OUT065,ambient,66,391.4,2.207
-2,2026-03-17,ORD0095876,OUT065,chilled,84,493.9,2.866
-2,2026-03-17,ORD0095877,OUT066,ambient,50,284.9,1.765
-2,2026-03-17,ORD0095878,OUT066,chilled,43,269.7,1.542
-2,2026-03-17,ORD0095879,OUT067,ambient,37,272.3,1.391
-2,2026-03-17,ORD0095880,OUT067,chilled,45,366.8,1.935
-2,2026-03-17,ORD0095881,OUT068,ambient,39,308.9,1.5
-2,2026-03-17,ORD0095882,OUT068,chilled,50,368.3,2.158
-2,2026-03-17,ORD0095883,OUT069,ambient,55,288.5,1.733
-2,2026-03-17,ORD0095884,OUT069,chilled,31,175.8,1.02
-2,2026-03-17,ORD0095885,OUT073,ambient,35,316.6,1.583
-2,2026-03-17,ORD0095886,OUT073,chilled,37,282.3,1.507
-2,2026-03-17,ORD0095887,OUT074,ambient,45,316.1,1.664
-2,2026-03-17,ORD0095888,OUT075,ambient,29,233.3,1.142
-2,2026-03-17,ORD0095889,OUT075,chilled,29,167.5,0.983
-2,2026-03-17,ORD0095890,OUT076,ambient,22,156.9,0.744
-2,2026-03-17,ORD0095891,OUT077,ambient,11,100.3,0.48
-2,2026-03-17,ORD0095892,OUT078,ambient,23,161.0,0.807
-2,2026-03-17,ORD0095893,OUT078,chilled,17,135.4,0.648
-2,2026-03-17,ORD0095894,OUT079,ambient,16,95.7,0.544
-2,2026-03-17,ORD0095895,OUT079,chilled,11,92.6,0.509
-2,2026-03-17,ORD0095896,OUT080,ambient,14,93.5,0.507
-2,2026-03-17,ORD0095897,OUT080,chilled,19,129.1,0.661
-2,2026-03-17,ORD0095898,OUT081,ambient,18,123.6,0.713
-2,2026-03-17,ORD0095899,OUT081,chilled,30,185.3,1.01
-2,2026-03-17,ORD0095900,OUT082,ambient,23,132.8,0.852
-2,2026-03-17,ORD0095901,OUT083,ambient,15,93.3,0.566
-2,2026-03-17,ORD0095902,OUT083,chilled,18,116.0,0.629
-2,2026-03-17,ORD0095903,OUT084,ambient,47,272.0,1.456
-2,2026-03-17,ORD0095904,OUT084,chilled,36,204.6,1.232
-2,2026-03-17,ORD0095905,OUT085,ambient,53,429.9,2.146
-2,2026-03-17,ORD0095906,OUT085,chilled,68,425.1,2.397
-2,2026-03-17,ORD0095907,OUT086,ambient,26,252.1,1.177
-2,2026-03-17,ORD0095908,OUT086,chilled,40,301.2,1.647
-2,2026-03-17,ORD0095909,OUT087,ambient,38,250.5,1.359
-2,2026-03-17,ORD0095910,OUT096,ambient,24,171.1,0.91
-2,2026-03-17,ORD0095911,OUT097,ambient,57,409.8,2.258
-2,2026-03-17,ORD0095912,OUT097,chilled,64,483.8,2.701
-2,2026-03-17,ORD0095913,OUT098,ambient,46,353.3,1.753
-2,2026-03-17,ORD0095914,OUT098,chilled,58,343.6,1.921
-2,2026-03-17,ORD0095915,OUT099,ambient,49,343.2,1.859
-2,2026-03-17,ORD0095916,OUT099,chilled,39,291.3,1.486
-2,2026-03-17,ORD0095917,OUT100,ambient,55,491.7,2.366
-2,2026-03-17,ORD0095918,OUT100,chilled,61,364.0,2.324
-2,2026-03-17,ORD0095919,OUT101,ambient,57,329.8,2.127
-2,2026-03-17,ORD0095920,OUT104,ambient,37,255.6,1.357
-2,2026-03-17,ORD0095921,OUT104,chilled,35,249.3,1.239
-2,2026-03-17,ORD0095922,OUT105,ambient,31,197.6,1.147
-2,2026-03-17,ORD0095923,OUT105,chilled,28,192.2,1.025
-2,2026-03-17,ORD0095924,OUT106,ambient,47,344.3,1.748
-2,2026-03-17,ORD0095925,OUT106,chilled,21,170.0,1.059
-2,2026-03-17,ORD0095926,OUT107,ambient,55,334.2,1.798
-2,2026-03-17,ORD0095927,OUT107,chilled,48,285.1,1.491
-2,2026-03-17,ORD0095928,OUT108,ambient,58,433.7,2.077
-2,2026-03-17,ORD0095929,OUT108,chilled,28,168.2,0.966
-2,2026-03-17,ORD0095930,OUT110,ambient,69,305.0,1.761
-2,2026-03-17,ORD0095931,OUT111,ambient,22,166.2,0.856
-2,2026-03-17,ORD0095932,OUT112,ambient,55,398.0,2.319
-2,2026-03-17,ORD0095933,OUT112,chilled,40,292.3,1.675
-2,2026-03-17,ORD0095934,OUT113,ambient,58,489.2,2.324
-2,2026-03-17,ORD0095935,OUT113,chilled,42,294.5,1.743
-2,2026-03-17,ORD0095936,OUT116,ambient,40,337.8,1.815
-2,2026-03-17,ORD0095937,OUT116,chilled,38,247.5,1.414
-2,2026-03-17,ORD0095938,OUT117,ambient,75,573.0,3.133
-2,2026-03-17,ORD0095939,OUT118,ambient,87,705.4,3.858
-2,2026-03-17,ORD0095940,OUT119,ambient,31,211.4,1.164
-1,2026-03-18,ORD0095941,OUT001,ambient,10,85.0,0.484
-1,2026-03-18,ORD0095942,OUT001,chilled,18,103.9,0.574
-1,2026-03-18,ORD0095943,OUT002,ambient,14,102.4,0.617
-1,2026-03-18,ORD0095944,OUT003,ambient,13,95.7,0.529
-1,2026-03-18,ORD0095945,OUT003,chilled,10,77.2,0.394
-1,2026-03-18,ORD0095946,OUT004,ambient,25,169.0,1.013
-1,2026-03-18,ORD0095947,OUT004,chilled,17,111.6,0.633
-1,2026-03-18,ORD0095948,OUT005,ambient,67,438.2,2.294
-1,2026-03-18,ORD0095949,OUT005,chilled,57,370.1,1.98
-1,2026-03-18,ORD0095950,OUT006,ambient,93,649.2,3.286
-1,2026-03-18,ORD0095951,OUT007,ambient,88,680.9,3.47
-1,2026-03-18,ORD0095952,OUT007,chilled,49,349.3,1.877
-1,2026-03-18,ORD0095953,OUT008,ambient,44,271.9,1.578
-1,2026-03-18,ORD0095954,OUT009,ambient,33,250.1,1.334
-1,2026-03-18,ORD0095955,OUT010,ambient,54,346.4,1.749
-1,2026-03-18,ORD0095956,OUT011,ambient,60,343.8,1.937
-1,2026-03-18,ORD0095957,OUT011,chilled,34,239.3,1.187
-1,2026-03-18,ORD0095958,OUT012,ambient,40,337.2,1.562
-1,2026-03-18,ORD0095959,OUT012,chilled,40,259.7,1.197
-1,2026-03-18,ORD0095960,OUT013,ambient,120,947.1,4.618
-1,2026-03-18,ORD0095961,OUT013,chilled,58,391.5,1.876
-1,2026-03-18,ORD0095962,OUT014,ambient,20,215.7,1.133
-1,2026-03-18,ORD0095963,OUT014,chilled,43,280.8,1.499
-1,2026-03-18,ORD0095964,OUT025,ambient,22,171.6,0.988
-1,2026-03-18,ORD0095965,OUT025,chilled,19,128.2,0.664
-1,2026-03-18,ORD0095966,OUT026,ambient,45,263.5,1.634
-1,2026-03-18,ORD0095967,OUT027,ambient,52,322.4,1.935
-1,2026-03-18,ORD0095968,OUT028,ambient,55,308.1,1.893
-1,2026-03-18,ORD0095969,OUT028,chilled,34,289.0,1.415
-1,2026-03-18,ORD0095970,OUT029,ambient,50,287.7,1.687
-1,2026-03-18,ORD0095971,OUT030,ambient,60,378.3,2.017
-1,2026-03-18,ORD0095972,OUT031,ambient,147,1146.9,5.913
-1,2026-03-18,ORD0095973,OUT031,chilled,104,755.8,3.844
-1,2026-03-18,ORD0095974,OUT032,ambient,92,613.4,3.605
-1,2026-03-18,ORD0095975,OUT032,chilled,89,771.1,3.951
-1,2026-03-18,ORD0095976,OUT033,ambient,38,278.6,1.476
-1,2026-03-18,ORD0095977,OUT033,chilled,48,326.2,1.765
-1,2026-03-18,ORD0095978,OUT034,ambient,49,350.6,1.789
-1,2026-03-18,ORD0095979,OUT035,ambient,54,749.2,13.233
-1,2026-03-18,ORD0095980,OUT036,ambient,48,787.4,11.06
-1,2026-03-18,ORD0095981,OUT037,ambient,18,233.6,3.873
-1,2026-03-18,ORD0095982,OUT040,ambient,57,355.9,2.241
-1,2026-03-18,ORD0095983,OUT040,chilled,74,499.4,2.799
-1,2026-03-18,ORD0095984,OUT041,ambient,40,215.0,1.205
-1,2026-03-18,ORD0095985,OUT041,chilled,36,237.6,1.318
-1,2026-03-18,ORD0095986,OUT042,ambient,126,941.4,4.407
-1,2026-03-18,ORD0095987,OUT042,chilled,105,605.0,3.212
-1,2026-03-18,ORD0095988,OUT043,ambient,29,161.9,0.972
-1,2026-03-18,ORD0095989,OUT044,ambient,30,252.7,1.343
-1,2026-03-18,ORD0095990,OUT045,ambient,26,218.0,1.185
-1,2026-03-18,ORD0095991,OUT046,ambient,35,206.4,1.168
-1,2026-03-18,ORD0095992,OUT049,ambient,4,878.7,2.874
-1,2026-03-18,ORD0095993,OUT050,ambient,34,267.6,1.484
-1,2026-03-18,ORD0095994,OUT050,chilled,46,312.8,1.737
-1,2026-03-18,ORD0095995,OUT051,ambient,30,197.6,1.048
-1,2026-03-18,ORD0095996,OUT051,chilled,19,162.2,0.828
-1,2026-03-18,ORD0095997,OUT052,ambient,63,450.2,2.364
-1,2026-03-18,ORD0095998,OUT052,chilled,65,379.6,2.079
-1,2026-03-18,ORD0095999,OUT053,ambient,18,135.8,0.648
-1,2026-03-18,ORD0096000,OUT053,chilled,28,186.7,1.001
-1,2026-03-18,ORD0096001,OUT054,ambient,83,597.8,3.181
-1,2026-03-18,ORD0096002,OUT054,chilled,102,632.7,3.46
-1,2026-03-18,ORD0096003,OUT055,ambient,61,356.9,2.031
-1,2026-03-18,ORD0096004,OUT055,chilled,37,278.5,1.57
-1,2026-03-18,ORD0096005,OUT059,ambient,67,472.5,2.381
-1,2026-03-18,ORD0096006,OUT060,ambient,61,315.5,1.837
-1,2026-03-18,ORD0096007,OUT061,ambient,34,278.2,1.484
-1,2026-03-18,ORD0096008,OUT062,ambient,43,408.5,1.834
-1,2026-03-18,ORD0096009,OUT065,ambient,57,491.1,2.675
-1,2026-03-18,ORD0096010,OUT066,ambient,49,321.2,1.793
-1,2026-03-18,ORD0096011,OUT067,ambient,37,290.5,1.449
-1,2026-03-18,ORD0096012,OUT067,chilled,38,273.8,1.558
-1,2026-03-18,ORD0096013,OUT068,ambient,44,325.2,1.765
-1,2026-03-18,ORD0096014,OUT068,chilled,27,197.9,1.13
-1,2026-03-18,ORD0096015,OUT069,ambient,38,326.2,1.644
-1,2026-03-18,ORD0096016,OUT069,chilled,36,241.5,1.166
-1,2026-03-18,ORD0096017,OUT073,ambient,56,385.0,2.135
-1,2026-03-18,ORD0096018,OUT073,chilled,56,413.7,2.453
-1,2026-03-18,ORD0096019,OUT074,ambient,51,357.5,1.939
-1,2026-03-18,ORD0096020,OUT075,ambient,26,172.6,0.951
-1,2026-03-18,ORD0096021,OUT075,chilled,21,155.0,0.951
-1,2026-03-18,ORD0096022,OUT076,ambient,21,143.7,0.816
-1,2026-03-18,ORD0096023,OUT076,chilled,17,112.1,0.617
-1,2026-03-18,ORD0096024,OUT077,ambient,14,95.1,0.522
-1,2026-03-18,ORD0096025,OUT078,ambient,16,137.9,0.754
-1,2026-03-18,ORD0096026,OUT079,ambient,17,119.6,0.604
-1,2026-03-18,ORD0096027,OUT080,ambient,16,122.3,0.648
-1,2026-03-18,ORD0096028,OUT080,chilled,19,125.7,0.673
-1,2026-03-18,ORD0096029,OUT081,ambient,20,158.7,0.789
-1,2026-03-18,ORD0096030,OUT081,chilled,14,107.4,0.608
-1,2026-03-18,ORD0096031,OUT082,ambient,26,185.3,1.012
-1,2026-03-18,ORD0096032,OUT082,chilled,12,103.5,0.452
-1,2026-03-18,ORD0096033,OUT083,ambient,12,90.3,0.468
-1,2026-03-18,ORD0096034,OUT083,chilled,14,94.3,0.49
-1,2026-03-18,ORD0096035,OUT084,ambient,34,237.0,1.137
-1,2026-03-18,ORD0096036,OUT084,chilled,31,267.2,1.308
-1,2026-03-18,ORD0096037,OUT085,ambient,38,274.4,1.405
-1,2026-03-18,ORD0096038,OUT085,chilled,83,522.9,2.682
-1,2026-03-18,ORD0096039,OUT086,ambient,40,294.1,1.459
-1,2026-03-18,ORD0096040,OUT087,ambient,29,223.9,1.246
-1,2026-03-18,ORD0096041,OUT087,chilled,42,237.9,1.281
-1,2026-03-18,ORD0096042,OUT096,ambient,32,193.2,1.08
-1,2026-03-18,ORD0096043,OUT097,ambient,52,287.4,1.653
-1,2026-03-18,ORD0096044,OUT097,chilled,53,401.1,2.326
-1,2026-03-18,ORD0096045,OUT098,ambient,72,420.4,2.347
-1,2026-03-18,ORD0096046,OUT099,ambient,36,324.4,1.84
-1,2026-03-18,ORD0096047,OUT099,chilled,33,197.9,1.161
-1,2026-03-18,ORD0096048,OUT100,ambient,85,530.6,2.725
-1,2026-03-18,ORD0096049,OUT100,chilled,73,528.9,2.857
-1,2026-03-18,ORD0096050,OUT101,ambient,55,408.7,2.11
-1,2026-03-18,ORD0096051,OUT101,chilled,56,334.6,1.77
-1,2026-03-18,ORD0096052,OUT104,ambient,48,310.3,1.691
-1,2026-03-18,ORD0096053,OUT104,chilled,42,319.5,1.59
-1,2026-03-18,ORD0096054,OUT105,ambient,36,277.1,1.29
-1,2026-03-18,ORD0096055,OUT105,chilled,36,200.9,1.064
-1,2026-03-18,ORD0096056,OUT106,ambient,32,216.4,1.272
-1,2026-03-18,ORD0096057,OUT106,chilled,48,293.5,1.51
-1,2026-03-18,ORD0096058,OUT107,ambient,51,336.2,1.894
-1,2026-03-18,ORD0096059,OUT107,chilled,48,306.7,1.509
-1,2026-03-18,ORD0096060,OUT108,ambient,35,321.1,1.568
-1,2026-03-18,ORD0096061,OUT110,ambient,40,282.3,1.526
-1,2026-03-18,ORD0096062,OUT110,chilled,30,169.0,1.023
-1,2026-03-18,ORD0096063,OUT111,ambient,21,133.4,0.759
-1,2026-03-18,ORD0096064,OUT111,chilled,24,131.3,0.671
-1,2026-03-18,ORD0096065,OUT112,ambient,80,495.6,2.63
-1,2026-03-18,ORD0096066,OUT112,chilled,64,419.7,2.183
-1,2026-03-18,ORD0096067,OUT113,ambient,56,546.4,2.763
-1,2026-03-18,ORD0096068,OUT113,chilled,42,342.3,1.641
-1,2026-03-18,ORD0096069,OUT116,ambient,59,461.0,2.26
-1,2026-03-18,ORD0096070,OUT116,chilled,29,206.2,1.135
-1,2026-03-18,ORD0096071,OUT117,ambient,86,511.2,2.718
-1,2026-03-18,ORD0096072,OUT117,chilled,54,429.1,2.468
-1,2026-03-18,ORD0096073,OUT118,ambient,78,523.4,2.891
-1,2026-03-18,ORD0096074,OUT119,ambient,45,333.1,1.79
-1,2026-03-18,ORD0096075,OUT119,chilled,41,294.0,1.603
-1,2026-03-18,ORD0096076,OUT120,ambient,63,874.0,14.29
0,2026-03-19,ORD0096077,OUT001,ambient,12,70.0,0.429
0,2026-03-19,ORD0096078,OUT001,chilled,22,135.0,0.698
0,2026-03-19,ORD0096079,OUT002,ambient,18,120.5,0.65
0,2026-03-19,ORD0096080,OUT002,chilled,15,94.9,0.52
0,2026-03-19,ORD0096081,OUT003,ambient,12,76.8,0.479
0,2026-03-19,ORD0096082,OUT003,chilled,10,62.6,0.347
0,2026-03-19,ORD0096083,OUT004,ambient,26,225.8,1.096
0,2026-03-19,ORD0096084,OUT004,chilled,20,158.3,0.824
0,2026-03-19,ORD0096085,OUT005,ambient,65,385.0,2.2
0,2026-03-19,ORD0096086,OUT005,chilled,45,343.6,1.879
0,2026-03-19,ORD0096087,OUT006,ambient,83,546.9,2.819
0,2026-03-19,ORD0096088,OUT006,chilled,101,637.5,3.419
0,2026-03-19,ORD0096089,OUT007,ambient,106,741.7,4.008
0,2026-03-19,ORD0096090,OUT008,ambient,55,377.4,2.002
0,2026-03-19,ORD0096091,OUT008,chilled,38,279.7,1.408
0,2026-03-19,ORD0096092,OUT009,ambient,45,350.0,1.826
0,2026-03-19,ORD0096093,OUT009,chilled,43,237.0,1.406
0,2026-03-19,ORD0096094,OUT010,ambient,52,381.6,2.134
0,2026-03-19,ORD0096095,OUT010,chilled,57,339.1,1.866
0,2026-03-19,ORD0096096,OUT011,ambient,42,309.8,1.725
0,2026-03-19,ORD0096097,OUT011,chilled,37,212.3,1.14
0,2026-03-19,ORD0096098,OUT012,ambient,46,246.0,1.539
0,2026-03-19,ORD0096099,OUT013,ambient,116,808.1,4.28
0,2026-03-19,ORD0096100,OUT013,chilled,72,481.9,2.646
0,2026-03-19,ORD0096101,OUT014,ambient,31,306.0,1.545
0,2026-03-19,ORD0096102,OUT014,chilled,38,327.7,1.729
0,2026-03-19,ORD0096103,OUT015,ambient,43,531.2,8.157
0,2026-03-19,ORD0096104,OUT016,ambient,25,372.0,5.949
0,2026-03-19,ORD0096105,OUT017,ambient,57,778.8,12.017
0,2026-03-19,ORD0096106,OUT018,ambient,31,466.1,6.889
0,2026-03-19,ORD0096107,OUT019,ambient,31,518.6,8.229
0,2026-03-19,ORD0096108,OUT020,ambient,66,759.8,14.587
0,2026-03-19,ORD0096109,OUT025,ambient,27,202.4,1.153
0,2026-03-19,ORD0096110,OUT025,chilled,21,126.2,0.797
0,2026-03-19,ORD0096111,OUT026,ambient,34,250.3,1.313
0,2026-03-19,ORD0096112,OUT026,chilled,29,213.7,1.155
0,2026-03-19,ORD0096113,OUT027,ambient,55,418.9,2.086
0,2026-03-19,ORD0096114,OUT027,chilled,32,234.0,1.222
0,2026-03-19,ORD0096115,OUT028,ambient,69,486.2,2.58
0,2026-03-19,ORD0096116,OUT029,ambient,47,389.7,2.109
0,2026-03-19,ORD0096117,OUT030,ambient,63,405.2,1.977
0,2026-03-19,ORD0096118,OUT030,chilled,58,371.9,2.117
0,2026-03-19,ORD0096119,OUT031,ambient,104,719.9,3.894
0,2026-03-19,ORD0096120,OUT032,ambient,94,758.4,3.93
0,2026-03-19,ORD0096121,OUT033,ambient,65,354.3,2.229
0,2026-03-19,ORD0096122,OUT033,chilled,85,540.8,3.087
0,2026-03-19,ORD0096123,OUT034,ambient,40,309.2,1.812
0,2026-03-19,ORD0096124,OUT034,chilled,74,446.3,2.472
0,2026-03-19,ORD0096125,OUT040,ambient,79,576.8,3.035
0,2026-03-19,ORD0096126,OUT041,ambient,36,277.9,1.56
0,2026-03-19,ORD0096127,OUT041,chilled,43,297.5,1.483
0,2026-03-19,ORD0096128,OUT042,ambient,109,916.2,4.884
0,2026-03-19,ORD0096129,OUT042,chilled,89,652.6,3.613
0,2026-03-19,ORD0096130,OUT043,ambient,37,209.7,1.04
0,2026-03-19,ORD0096131,OUT043,chilled,25,206.7,1.174
0,2026-03-19,ORD0096132,OUT044,ambient,49,307.1,1.795
0,2026-03-19,ORD0096133,OUT045,ambient,38,251.5,1.222
0,2026-03-19,ORD0096134,OUT045,chilled,29,236.4,1.29
0,2026-03-19,ORD0096135,OUT046,ambient,47,299.9,1.606
0,2026-03-19,ORD0096136,OUT046,chilled,37,215.6,1.201
0,2026-03-19,ORD0096137,OUT050,ambient,40,268.8,1.456
0,2026-03-19,ORD0096138,OUT050,chilled,57,381.7,1.958
0,2026-03-19,ORD0096139,OUT051,ambient,32,231.9,1.235
0,2026-03-19,ORD0096140,OUT051,chilled,17,105.0,0.594
0,2026-03-19,ORD0096141,OUT052,ambient,65,383.1,2.138
0,2026-03-19,ORD0096142,OUT052,chilled,48,339.7,1.683
0,2026-03-19,ORD0096143,OUT053,ambient,23,137.8,0.809
0,2026-03-19,ORD0096144,OUT053,chilled,29,155.8,0.931
0,2026-03-19,ORD0096145,OUT054,ambient,110,710.0,3.983
0,2026-03-19,ORD0096146,OUT054,chilled,84,591.2,2.905
0,2026-03-19,ORD0096147,OUT055,ambient,46,294.1,1.548
0,2026-03-19,ORD0096148,OUT055,chilled,45,334.2,1.805
0,2026-03-19,ORD0096149,OUT059,ambient,56,289.5,1.663
0,2026-03-19,ORD0096150,OUT059,chilled,69,480.8,2.554
0,2026-03-19,ORD0096151,OUT060,ambient,41,316.8,1.545
0,2026-03-19,ORD0096152,OUT060,chilled,57,402.7,2.232
0,2026-03-19,ORD0096153,OUT061,ambient,57,362.8,2.107
0,2026-03-19,ORD0096154,OUT061,chilled,31,236.6,1.345
0,2026-03-19,ORD0096155,OUT062,ambient,59,388.7,2.247
0,2026-03-19,ORD0096156,OUT062,chilled,43,285.5,1.594
0,2026-03-19,ORD0096157,OUT065,ambient,69,557.1,3.015
0,2026-03-19,ORD0096158,OUT065,chilled,118,640.6,3.483
0,2026-03-19,ORD0096159,OUT066,ambient,55,384.4,1.832
0,2026-03-19,ORD0096160,OUT066,chilled,58,418.5,2.243
0,2026-03-19,ORD0096161,OUT067,ambient,42,324.9,1.714
0,2026-03-19,ORD0096162,OUT067,chilled,33,204.4,1.295
0,2026-03-19,ORD0096163,OUT068,ambient,43,404.6,1.957
0,2026-03-19,ORD0096164,OUT069,ambient,49,349.7,1.837
0,2026-03-19,ORD0096165,OUT073,ambient,50,370.4,1.967
0,2026-03-19,ORD0096166,OUT073,chilled,55,393.0,2.053
0,2026-03-19,ORD0096167,OUT074,ambient,59,400.2,2.084
0,2026-03-19,ORD0096168,OUT074,chilled,49,326.1,1.888
0,2026-03-19,ORD0096169,OUT075,ambient,26,181.4,1.02
0,2026-03-19,ORD0096170,OUT076,ambient,30,206.3,1.142
0,2026-03-19,ORD0096171,OUT076,chilled,20,121.1,0.716
0,2026-03-19,ORD0096172,OUT077,ambient,19,133.5,0.659
0,2026-03-19,ORD0096173,OUT077,chilled,13,104.9,0.571
0,2026-03-19,ORD0096174,OUT078,ambient,17,125.6,0.724
0,2026-03-19,ORD0096175,OUT078,chilled,33,169.9,0.993
0,2026-03-19,ORD0096176,OUT079,ambient,15,107.8,0.538
0,2026-03-19,ORD0096177,OUT079,chilled,18,108.4,0.617
0,2026-03-19,ORD0096178,OUT080,ambient,17,105.9,0.621
0,2026-03-19,ORD0096179,OUT080,chilled,17,102.7,0.582
0,2026-03-19,ORD0096180,OUT081,ambient,19,138.2,0.711
0,2026-03-19,ORD0096181,OUT081,chilled,19,164.0,0.786
0,2026-03-19,ORD0096182,OUT082,ambient,13,118.5,0.633
0,2026-03-19,ORD0096183,OUT082,chilled,11,71.0,0.396
0,2026-03-19,ORD0096184,OUT083,ambient,9,66.3,0.362
0,2026-03-19,ORD0096185,OUT084,ambient,54,296.0,1.583
0,2026-03-19,ORD0096186,OUT084,chilled,40,314.0,1.554
0,2026-03-19,ORD0096187,OUT085,ambient,52,474.8,2.22
0,2026-03-19,ORD0096188,OUT086,ambient,31,215.1,1.345
0,2026-03-19,ORD0096189,OUT087,ambient,57,384.8,2.229
0,2026-03-19,ORD0096190,OUT087,chilled,24,199.1,1.093
0,2026-03-19,ORD0096191,OUT088,ambient,9,128.5,2.016
0,2026-03-19,ORD0096192,OUT089,ambient,29,312.5,5.526
0,2026-03-19,ORD0096193,OUT090,ambient,33,528.0,7.798
0,2026-03-19,ORD0096194,OUT091,ambient,41,765.6,11.256
0,2026-03-19,ORD0096195,OUT092,ambient,33,559.8,8.059
0,2026-03-19,ORD0096196,OUT095,ambient,8,1659.3,5.256
0,2026-03-19,ORD0096197,OUT096,ambient,26,166.6,0.987
0,2026-03-19,ORD0096198,OUT096,chilled,19,128.7,0.713
0,2026-03-19,ORD0096199,OUT097,ambient,68,407.5,2.521
0,2026-03-19,ORD0096200,OUT097,chilled,77,552.9,2.975
0,2026-03-19,ORD0096201,OUT098,ambient,69,514.4,2.472
0,2026-03-19,ORD0096202,OUT099,ambient,55,442.6,2.351
0,2026-03-19,ORD0096203,OUT100,ambient,75,485.3,2.768
0,2026-03-19,ORD0096204,OUT100,chilled,67,510.2,2.833
0,2026-03-19,ORD0096205,OUT101,ambient,66,403.6,2.161
0,2026-03-19,ORD0096206,OUT104,ambient,55,359.0,2.066
0,2026-03-19,ORD0096207,OUT105,ambient,42,316.3,1.684
0,2026-03-19,ORD0096208,OUT106,ambient,49,368.6,1.939
0,2026-03-19,ORD0096209,OUT106,chilled,35,231.0,1.317
0,2026-03-19,ORD0096210,OUT107,ambient,69,516.2,2.778
0,2026-03-19,ORD0096211,OUT107,chilled,42,328.7,1.673
0,2026-03-19,ORD0096212,OUT108,ambient,54,319.8,1.876
0,2026-03-19,ORD0096213,OUT108,chilled,44,319.6,1.607
0,2026-03-19,ORD0096214,OUT110,ambient,34,275.0,1.533
0,2026-03-19,ORD0096215,OUT110,chilled,31,171.4,1.012
0,2026-03-19,ORD0096216,OUT111,ambient,23,203.0,1.081
0,2026-03-19,ORD0096217,OUT111,chilled,16,130.0,0.682
0,2026-03-19,ORD0096218,OUT112,ambient,97,527.7,2.961
0,2026-03-19,ORD0096219,OUT113,ambient,48,402.8,2.192
0,2026-03-19,ORD0096220,OUT113,chilled,33,238.3,1.299
0,2026-03-19,ORD0096221,OUT116,ambient,56,444.2,2.217
0,2026-03-19,ORD0096222,OUT117,ambient,71,486.7,2.751
0,2026-03-19,ORD0096223,OUT117,chilled,68,528.7,2.766
0,2026-03-19,ORD0096224,OUT118,ambient,94,702.2,3.485
0,2026-03-19,ORD0096225,OUT118,chilled,88,569.0,3.174
0,2026-03-19,ORD0096226,OUT119,ambient,65,368.0,1.885
0,2026-03-19,ORD0096227,OUT119,chilled,55,343.3,1.746
1,2026-03-20,ORD0096228,OUT001,ambient,16,103.0,0.549
1,2026-03-20,ORD0096229,OUT001,chilled,14,111.9,0.601
1,2026-03-20,ORD0096230,OUT002,ambient,23,125.4,0.673
1,2026-03-20,ORD0096231,OUT002,chilled,13,99.5,0.515
1,2026-03-20,ORD0096232,OUT003,ambient,17,97.6,0.594
1,2026-03-20,ORD0096233,OUT003,chilled,10,72.9,0.418
1,2026-03-20,ORD0096234,OUT004,ambient,35,213.4,1.177
1,2026-03-20,ORD0096235,OUT004,chilled,20,143.4,0.773
1,2026-03-20,ORD0096236,OUT005,ambient,67,456.3,2.482
1,2026-03-20,ORD0096237,OUT005,chilled,71,585.6,3.062
1,2026-03-20,ORD0096238,OUT006,ambient,68,579.4,3.217
1,2026-03-20,ORD0096239,OUT007,ambient,119,755.1,4.177
1,2026-03-20,ORD0096240,OUT007,chilled,85,666.0,3.86
1,2026-03-20,ORD0096241,OUT008,ambient,72,537.5,2.858
1,2026-03-20,ORD0096242,OUT008,chilled,34,181.9,1.103
1,2026-03-20,ORD0096243,OUT009,ambient,49,296.5,1.698
1,2026-03-20,ORD0096244,OUT009,chilled,40,250.1,1.331
1,2026-03-20,ORD0096245,OUT010,ambient,59,481.5,2.326
1,2026-03-20,ORD0096246,OUT011,ambient,45,396.2,1.853
1,2026-03-20,ORD0096247,OUT012,ambient,72,429.0,2.391
1,2026-03-20,ORD0096248,OUT013,ambient,121,807.6,4.015
1,2026-03-20,ORD0096249,OUT013,chilled,77,525.3,2.696
1,2026-03-20,ORD0096250,OUT014,ambient,39,247.7,1.295
1,2026-03-20,ORD0096251,OUT021,ambient,8,1591.0,5.32
1,2026-03-20,ORD0096252,OUT022,ambient,5,840.9,3.101
1,2026-03-20,ORD0096253,OUT024,ambient,4,790.4,2.477
1,2026-03-20,ORD0096254,OUT025,ambient,49,323.8,1.634
1,2026-03-20,ORD0096255,OUT026,ambient,54,398.8,2.124
1,2026-03-20,ORD0096256,OUT026,chilled,30,224.4,1.253
1,2026-03-20,ORD0096257,OUT027,ambient,66,369.0,2.095
1,2026-03-20,ORD0096258,OUT028,ambient,51,323.7,2.004
1,2026-03-20,ORD0096259,OUT028,chilled,46,372.5,1.977
1,2026-03-20,ORD0096260,OUT029,ambient,55,363.1,1.887
1,2026-03-20,ORD0096261,OUT029,chilled,46,338.5,1.846
1,2026-03-20,ORD0096262,OUT030,ambient,55,525.1,2.671
1,2026-03-20,ORD0096263,OUT030,chilled,102,616.8,3.206
1,2026-03-20,ORD0096264,OUT031,ambient,180,1024.2,5.478
1,2026-03-20,ORD0096265,OUT032,ambient,127,819.4,4.516
1,2026-03-20,ORD0096266,OUT032,chilled,141,970.6,4.733
1,2026-03-20,ORD0096267,OUT033,ambient,64,398.2,2.028
1,2026-03-20,ORD0096268,OUT034,ambient,57,358.1,1.854
1,2026-03-20,ORD0096269,OUT034,chilled,64,424.5,2.281
1,2026-03-20,ORD0096270,OUT040,ambient,89,603.5,2.986
1,2026-03-20,ORD0096271,OUT041,ambient,56,377.2,2.284
1,2026-03-20,ORD0096272,OUT042,ambient,158,1072.0,6.164
1,2026-03-20,ORD0096273,OUT043,ambient,34,207.3,1.075
1,2026-03-20,ORD0096274,OUT043,chilled,28,211.6,1.201
1,2026-03-20,ORD0096275,OUT044,ambient,59,330.5,1.769
1,2026-03-20,ORD0096276,OUT044,chilled,38,248.9,1.291
1,2026-03-20,ORD0096277,OUT045,ambient,32,197.0,1.162
1,2026-03-20,ORD0096278,OUT046,ambient,61,457.1,2.095
1,2026-03-20,ORD0096279,OUT046,chilled,51,323.2,1.738
1,2026-03-20,ORD0096280,OUT050,ambient,49,371.5,1.779
1,2026-03-20,ORD0096281,OUT051,ambient,29,203.6,1.145
1,2026-03-20,ORD0096282,OUT052,ambient,80,552.9,2.752
1,2026-03-20,ORD0096283,OUT053,ambient,24,189.2,1.001
1,2026-03-20,ORD0096284,OUT053,chilled,29,164.4,0.992
1,2026-03-20,ORD0096285,OUT054,ambient,82,637.8,3.039
1,2026-03-20,ORD0096286,OUT054,chilled,164,1007.7,5.638
1,2026-03-20,ORD0096287,OUT055,ambient,58,336.0,1.762
1,2026-03-20,ORD0096288,OUT056,ambient,22,347.4,5.692
1,2026-03-20,ORD0096289,OUT057,ambient,61,1032.1,15.799
1,2026-03-20,ORD0096290,OUT059,ambient,77,470.8,2.491
1,2026-03-20,ORD0096291,OUT060,ambient,46,372.7,1.817
1,2026-03-20,ORD0096292,OUT060,chilled,59,386.5,2.086
1,2026-03-20,ORD0096293,OUT061,ambient,58,406.4,2.05
1,2026-03-20,ORD0096294,OUT062,ambient,68,458.9,2.289
1,2026-03-20,ORD0096295,OUT062,chilled,55,357.1,2.237
1,2026-03-20,ORD0096296,OUT063,ambient,27,496.8,7.603
1,2026-03-20,ORD0096297,OUT064,ambient,3,520.6,1.752
1,2026-03-20,ORD0096298,OUT065,ambient,60,474.0,2.635
1,2026-03-20,ORD0096299,OUT065,chilled,109,677.2,3.477
1,2026-03-20,ORD0096300,OUT066,ambient,47,255.6,1.726
1,2026-03-20,ORD0096301,OUT066,chilled,59,372.2,2.175
1,2026-03-20,ORD0096302,OUT067,ambient,60,473.1,2.338
1,2026-03-20,ORD0096303,OUT067,chilled,55,332.7,1.951
1,2026-03-20,ORD0096304,OUT068,ambient,51,432.8,2.11
1,2026-03-20,ORD0096305,OUT069,ambient,70,354.8,2.213
1,2026-03-20,ORD0096306,OUT070,ambient,24,408.3,6.549
1,2026-03-20,ORD0096307,OUT071,ambient,27,446.3,6.917
1,2026-03-20,ORD0096308,OUT072,ambient,4,736.5,2.515
1,2026-03-20,ORD0096309,OUT073,ambient,60,420.8,2.276
1,2026-03-20,ORD0096310,OUT074,ambient,66,377.1,2.064
1,2026-03-20,ORD0096311,OUT074,chilled,66,446.7,2.272
1,2026-03-20,ORD0096312,OUT075,ambient,31,189.4,1.001
1,2026-03-20,ORD0096313,OUT076,ambient,23,224.7,1.045
1,2026-03-20,ORD0096314,OUT076,chilled,17,117.2,0.685
1,2026-03-20,ORD0096315,OUT077,ambient,16,115.4,0.66
1,2026-03-20,ORD0096316,OUT077,chilled,17,123.6,0.647
1,2026-03-20,ORD0096317,OUT078,ambient,20,131.3,0.793
1,2026-03-20,ORD0096318,OUT079,ambient,20,111.1,0.614
1,2026-03-20,ORD0096319,OUT080,ambient,22,126.2,0.737
1,2026-03-20,ORD0096320,OUT080,chilled,17,121.7,0.772
1,2026-03-20,ORD0096321,OUT081,ambient,23,161.7,0.83
1,2026-03-20,ORD0096322,OUT082,ambient,27,174.2,1.029
1,2026-03-20,ORD0096323,OUT082,chilled,13,99.1,0.575
1,2026-03-20,ORD0096324,OUT083,ambient,12,94.7,0.489
1,2026-03-20,ORD0096325,OUT083,chilled,20,153.4,0.749
1,2026-03-20,ORD0096326,OUT084,ambient,46,398.7,1.986
1,2026-03-20,ORD0096327,OUT084,chilled,48,278.0,1.639
1,2026-03-20,ORD0096328,OUT085,ambient,56,347.7,1.835
1,2026-03-20,ORD0096329,OUT085,chilled,62,384.1,2.335
1,2026-03-20,ORD0096330,OUT086,ambient,49,331.8,1.769
1,2026-03-20,ORD0096331,OUT086,chilled,51,318.8,1.791
1,2026-03-20,ORD0096332,OUT087,ambient,67,378.1,2.177
1,2026-03-20,ORD0096333,OUT096,ambient,25,236.6,1.246
1,2026-03-20,ORD0096334,OUT096,chilled,21,173.5,1.019
1,2026-03-20,ORD0096335,OUT097,ambient,99,572.1,3.028
1,2026-03-20,ORD0096336,OUT098,ambient,65,481.2,2.285
1,2026-03-20,ORD0096337,OUT098,chilled,73,596.0,3.266
1,2026-03-20,ORD0096338,OUT099,ambient,68,546.2,2.788
1,2026-03-20,ORD0096339,OUT100,ambient,60,495.6,2.609
1,2026-03-20,ORD0096340,OUT101,ambient,49,415.7,2.252
1,2026-03-20,ORD0096341,OUT101,chilled,69,504.6,2.693
1,2026-03-20,ORD0096342,OUT104,ambient,46,361.6,1.825
1,2026-03-20,ORD0096343,OUT104,chilled,43,308.9,1.699
1,2026-03-20,ORD0096344,OUT105,ambient,35,318.1,1.711
1,2026-03-20,ORD0096345,OUT106,ambient,56,396.2,1.999
1,2026-03-20,ORD0096346,OUT107,ambient,44,381.7,2.186
1,2026-03-20,ORD0096347,OUT107,chilled,72,469.4,2.51
1,2026-03-20,ORD0096348,OUT108,ambient,59,364.5,2.164
1,2026-03-20,ORD0096349,OUT110,ambient,51,314.1,1.852
1,2026-03-20,ORD0096350,OUT111,ambient,41,301.7,1.539
1,2026-03-20,ORD0096351,OUT111,chilled,22,170.8,0.9
1,2026-03-20,ORD0096352,OUT112,ambient,60,519.0,2.843
1,2026-03-20,ORD0096353,OUT112,chilled,49,312.1,2.035
1,2026-03-20,ORD0096354,OUT113,ambient,84,715.1,3.307
1,2026-03-20,ORD0096355,OUT115,ambient,10,1967.8,6.196
1,2026-03-20,ORD0096356,OUT116,ambient,75,501.7,2.508
1,2026-03-20,ORD0096357,OUT116,chilled,30,213.5,1.226
1,2026-03-20,ORD0096358,OUT117,ambient,65,496.2,2.603
1,2026-03-20,ORD0096359,OUT117,chilled,78,635.0,3.313
1,2026-03-20,ORD0096360,OUT118,ambient,104,711.1,3.772
1,2026-03-20,ORD0096361,OUT118,chilled,156,850.3,4.438
1,2026-03-20,ORD0096362,OUT119,ambient,58,347.9,1.997
1,2026-03-20,ORD0096363,OUT119,chilled,64,448.6,2.356
2,2026-03-21,ORD0096364,OUT001,ambient,12,77.6,0.46
2,2026-03-21,ORD0096365,OUT002,ambient,22,144.7,0.742
2,2026-03-21,ORD0096366,OUT002,chilled,18,108.5,0.614
2,2026-03-21,ORD0096367,OUT003,ambient,19,142.0,0.702
2,2026-03-21,ORD0096368,OUT003,chilled,10,67.7,0.381
2,2026-03-21,ORD0096369,OUT004,ambient,39,207.4,1.1
2,2026-03-21,ORD0096371,OUT005,ambient,83,525.1,2.876
2,2026-03-21,ORD0096373,OUT006,ambient,78,503.3,2.802
2,2026-03-21,ORD0096374,OUT006,chilled,59,474.2,2.616
2,2026-03-21,ORD0096375,OUT007,ambient,124,1036.6,5.074
2,2026-03-21,ORD0096376,OUT007,chilled,103,549.0,2.834
2,2026-03-21,ORD0096377,OUT008,ambient,62,431.7,2.201
2,2026-03-21,ORD0096378,OUT009,ambient,67,371.0,2.069
2,2026-03-21,ORD0096380,OUT010,ambient,65,485.1,2.781
2,2026-03-21,ORD0096382,OUT011,ambient,73,414.1,2.19
2,2026-03-21,ORD0096383,OUT012,ambient,48,358.7,1.893
2,2026-03-21,ORD0096385,OUT013,ambient,105,940.4,5.078
2,2026-03-21,ORD0096386,OUT013,chilled,84,580.4,2.933
2,2026-03-21,ORD0096387,OUT014,ambient,30,239.6,1.283
2,2026-03-21,ORD0096389,OUT025,ambient,21,172.8,0.904
2,2026-03-21,ORD0096390,OUT026,ambient,30,244.3,1.362
2,2026-03-21,ORD0096391,OUT026,chilled,21,167.7,0.942
2,2026-03-21,ORD0096392,OUT027,ambient,47,309.4,1.65
2,2026-03-21,ORD0096393,OUT027,chilled,49,356.4,1.777
2,2026-03-21,ORD0096394,OUT028,ambient,72,415.7,2.462
2,2026-03-21,ORD0096395,OUT028,chilled,77,470.5,2.398
2,2026-03-21,ORD0096396,OUT029,ambient,69,346.6,1.916
2,2026-03-21,ORD0096397,OUT029,chilled,59,398.1,2.196
2,2026-03-21,ORD0096398,OUT030,ambient,48,418.1,2.265
2,2026-03-21,ORD0096399,OUT031,ambient,134,911.7,4.733
2,2026-03-21,ORD0096400,OUT031,chilled,207,1278.0,6.433
2,2026-03-21,ORD0096401,OUT032,ambient,120,786.8,4.156
2,2026-03-21,ORD0096402,OUT032,chilled,164,1029.3,5.574
2,2026-03-21,ORD0096403,OUT033,ambient,74,416.4,2.387
2,2026-03-21,ORD0096404,OUT033,chilled,54,408.2,2.346
2,2026-03-21,ORD0096405,OUT034,ambient,45,415.5,2.011
2,2026-03-21,ORD0096406,OUT034,chilled,63,426.5,2.356
2,2026-03-21,ORD0096407,OUT038,ambient,3,866.6,2.727
2,2026-03-21,ORD0096408,OUT040,ambient,66,482.8,2.851
2,2026-03-21,ORD0096409,OUT040,chilled,66,489.1,2.64
2,2026-03-21,ORD0096410,OUT041,ambient,48,277.9,1.787
2,2026-03-21,ORD0096411,OUT041,chilled,48,338.8,1.87
2,2026-03-21,ORD0096412,OUT042,ambient,153,1004.8,5.63
2,2026-03-21,ORD0096413,OUT043,ambient,31,188.2,0.983
2,2026-03-21,ORD0096414,OUT044,ambient,50,292.2,1.689
2,2026-03-21,ORD0096415,OUT044,chilled,25,200.3,1.102
2,2026-03-21,ORD0096416,OUT045,ambient,28,198.7,1.086
2,2026-03-21,ORD0096417,OUT045,chilled,44,323.6,1.5
2,2026-03-21,ORD0096418,OUT046,ambient,35,232.8,1.335
2,2026-03-21,ORD0096419,OUT046,chilled,33,236.9,1.417
2,2026-03-21,ORD0096420,OUT050,ambient,44,281.9,1.541
2,2026-03-21,ORD0096421,OUT051,ambient,28,219.5,1.235
2,2026-03-21,ORD0096422,OUT052,ambient,76,496.9,2.685
2,2026-03-21,ORD0096423,OUT052,chilled,58,432.5,2.191
2,2026-03-21,ORD0096424,OUT053,ambient,24,178.8,1.0
2,2026-03-21,ORD0096425,OUT054,ambient,99,731.5,3.997
2,2026-03-21,ORD0096426,OUT055,ambient,53,354.8,1.904
2,2026-03-21,ORD0096427,OUT055,chilled,55,274.6,1.594
2,2026-03-21,ORD0096428,OUT059,ambient,64,337.4,2.192
2,2026-03-21,ORD0096429,OUT059,chilled,72,443.0,2.37
2,2026-03-21,ORD0096430,OUT060,ambient,66,410.9,2.239
2,2026-03-21,ORD0096431,OUT060,chilled,53,386.4,2.056
2,2026-03-21,ORD0096432,OUT061,ambient,61,357.7,1.955
2,2026-03-21,ORD0096433,OUT061,chilled,35,259.8,1.32
2,2026-03-21,ORD0096434,OUT062,ambient,69,405.8,2.214
2,2026-03-21,ORD0096435,OUT065,ambient,78,522.5,2.736
2,2026-03-21,ORD0096436,OUT065,chilled,75,542.7,2.805
2,2026-03-21,ORD0096437,OUT066,ambient,66,431.2,2.258
2,2026-03-21,ORD0096438,OUT066,chilled,82,518.1,2.422
2,2026-03-21,ORD0096439,OUT067,ambient,61,451.5,2.262
2,2026-03-21,ORD0096440,OUT068,ambient,48,301.2,1.649
2,2026-03-21,ORD0096441,OUT068,chilled,52,322.4,1.68
2,2026-03-21,ORD0096442,OUT069,ambient,41,308.7,1.717
2,2026-03-21,ORD0096443,OUT069,chilled,45,268.1,1.468
2,2026-03-21,ORD0096444,OUT072,ambient,5,868.3,3.164
2,2026-03-21,ORD0096445,OUT073,ambient,50,420.6,2.155
2,2026-03-21,ORD0096446,OUT074,ambient,61,365.8,2.388
2,2026-03-21,ORD0096447,OUT074,chilled,75,522.4,2.714
2,2026-03-21,ORD0096448,OUT075,ambient,30,196.7,1.07
2,2026-03-21,ORD0096449,OUT075,chilled,35,218.2,1.236
2,2026-03-21,ORD0096450,OUT076,ambient,40,247.3,1.286
2,2026-03-21,ORD0096451,OUT076,chilled,20,158.2,0.791
2,2026-03-21,ORD0096452,OUT077,ambient,18,126.6,0.617
2,2026-03-21,ORD0096453,OUT077,chilled,17,104.8,0.58
2,2026-03-21,ORD0096454,OUT078,ambient,31,175.4,0.937
2,2026-03-21,ORD0096455,OUT078,chilled,33,193.7,1.06
2,2026-03-21,ORD0096456,OUT079,ambient,19,145.5,0.77
2,2026-03-21,ORD0096457,OUT079,chilled,16,120.2,0.611
2,2026-03-21,ORD0096458,OUT080,ambient,17,136.2,0.732
2,2026-03-21,ORD0096459,OUT081,ambient,28,172.0,1.067
2,2026-03-21,ORD0096460,OUT081,chilled,29,194.8,1.05
2,2026-03-21,ORD0096461,OUT082,ambient,19,174.9,0.867
2,2026-03-21,ORD0096462,OUT083,ambient,16,102.2,0.559
2,2026-03-21,ORD0096463,OUT083,chilled,19,141.9,0.772
2,2026-03-21,ORD0096464,OUT084,ambient,48,239.2,1.198
2,2026-03-21,ORD0096465,OUT085,ambient,48,425.7,2.159
2,2026-03-21,ORD0096466,OUT086,ambient,41,227.8,1.167
2,2026-03-21,ORD0096467,OUT086,chilled,49,342.9,1.876
2,2026-03-21,ORD0096468,OUT087,ambient,73,399.7,2.351
2,2026-03-21,ORD0096469,OUT087,chilled,40,215.6,1.163
2,2026-03-21,ORD0096470,OUT096,ambient,27,241.1,1.232
2,2026-03-21,ORD0096471,OUT096,chilled,27,202.4,0.977
2,2026-03-21,ORD0096472,OUT097,ambient,63,454.7,2.498
2,2026-03-21,ORD0096473,OUT097,chilled,78,535.9,2.702
2,2026-03-21,ORD0096474,OUT098,ambient,59,404.7,2.146
2,2026-03-21,ORD0096475,OUT098,chilled,59,439.1,2.352
2,2026-03-21,ORD0096476,OUT099,ambient,79,494.8,2.686
2,2026-03-21,ORD0096477,OUT099,chilled,54,333.3,1.836
2,2026-03-21,ORD0096478,OUT100,ambient,102,655.8,3.213
2,2026-03-21,ORD0096479,OUT100,chilled,101,548.0,3.219
2,2026-03-21,ORD0096480,OUT101,ambient,51,372.5,1.947
2,2026-03-21,ORD0096481,OUT101,chilled,61,388.3,2.197
2,2026-03-21,ORD0096482,OUT103,ambient,3,778.2,2.358
2,2026-03-21,ORD0096483,OUT104,ambient,41,278.6,1.451
2,2026-03-21,ORD0096484,OUT104,chilled,36,266.5,1.567
2,2026-03-21,ORD0096485,OUT105,ambient,41,270.9,1.511
2,2026-03-21,ORD0096486,OUT105,chilled,26,179.4,1.0
2,2026-03-21,ORD0096487,OUT106,ambient,65,371.6,2.347
2,2026-03-21,ORD0096488,OUT106,chilled,51,362.6,1.856
2,2026-03-21,ORD0096489,OUT107,ambient,70,513.0,2.898
2,2026-03-21,ORD0096490,OUT108,ambient,52,395.0,2.226
2,2026-03-21,ORD0096491,OUT108,chilled,41,268.2,1.563
2,2026-03-21,ORD0096492,OUT109,ambient,29,369.0,6.674
2,2026-03-21,ORD0096493,OUT110,ambient,50,336.7,1.937
2,2026-03-21,ORD0096494,OUT110,chilled,30,310.2,1.478
2,2026-03-21,ORD0096495,OUT111,ambient,36,205.2,1.205
2,2026-03-21,ORD0096496,OUT112,ambient,99,702.8,3.675
2,2026-03-21,ORD0096497,OUT112,chilled,59,412.6,2.221
2,2026-03-21,ORD0096498,OUT113,ambient,78,512.2,2.86
2,2026-03-21,ORD0096499,OUT116,ambient,54,383.5,2.038
2,2026-03-21,ORD0096500,OUT117,ambient,121,631.0,3.385
2,2026-03-21,ORD0096501,OUT117,chilled,72,580.6,2.859
2,2026-03-21,ORD0096502,OUT118,ambient,139,974.8,5.489
2,2026-03-21,ORD0096503,OUT118,chilled,98,576.1,3.239
2,2026-03-21,ORD0096504,OUT119,ambient,49,414.6,2.198
3,2026-03-23,ORD0096505,OUT001,ambient,10,67.2,0.386
3,2026-03-23,ORD0096506,OUT002,ambient,18,125.1,0.691
3,2026-03-23,ORD0096507,OUT003,ambient,14,112.1,0.616
3,2026-03-23,ORD0096508,OUT004,ambient,38,246.7,1.47
3,2026-03-23,ORD0096509,OUT005,ambient,51,468.8,2.583
3,2026-03-23,ORD0096510,OUT006,ambient,79,616.3,3.093
3,2026-03-23,ORD0096511,OUT006,chilled,68,498.2,2.896
3,2026-03-23,ORD0096512,OUT007,ambient,139,880.2,4.557
3,2026-03-23,ORD0096513,OUT007,chilled,66,465.0,2.407
3,2026-03-23,ORD0096514,OUT008,ambient,57,385.2,1.872
3,2026-03-23,ORD0096515,OUT008,chilled,33,253.7,1.419
3,2026-03-23,ORD0096516,OUT009,ambient,40,252.9,1.468
3,2026-03-23,ORD0096517,OUT010,ambient,56,418.9,2.298
3,2026-03-23,ORD0096518,OUT010,chilled,40,264.5,1.387
3,2026-03-23,ORD0096519,OUT011,ambient,50,320.3,1.808
3,2026-03-23,ORD0096520,OUT011,chilled,36,249.9,1.287
3,2026-03-23,ORD0096521,OUT012,ambient,43,357.7,1.749
3,2026-03-23,ORD0096522,OUT012,chilled,34,263.3,1.411
3,2026-03-23,ORD0096523,OUT013,ambient,112,893.5,4.938
3,2026-03-23,ORD0096524,OUT014,ambient,25,204.0,1.035
3,2026-03-23,ORD0096525,OUT014,chilled,55,381.5,1.995
3,2026-03-23,ORD0096526,OUT025,ambient,43,283.4,1.588
3,2026-03-23,ORD0096527,OUT025,chilled,36,220.7,1.127
3,2026-03-23,ORD0096528,OUT026,ambient,48,258.1,1.475
3,2026-03-23,ORD0096529,OUT027,ambient,56,386.5,2.058
3,2026-03-23,ORD0096530,OUT027,chilled,35,250.5,1.338
3,2026-03-23,ORD0096531,OUT028,ambient,59,372.5,2.119
3,2026-03-23,ORD0096532,OUT029,ambient,50,333.6,1.75
3,2026-03-23,ORD0096533,OUT029,chilled,44,227.7,1.385
3,2026-03-23,ORD0096534,OUT030,ambient,50,380.2,2.144
3,2026-03-23,ORD0096535,OUT030,chilled,59,393.3,2.292
3,2026-03-23,ORD0096536,OUT031,ambient,136,968.9,4.784
3,2026-03-23,ORD0096537,OUT031,chilled,140,1069.1,5.337
3,2026-03-23,ORD0096538,OUT032,ambient,97,779.2,4.032
3,2026-03-23,ORD0096539,OUT033,ambient,51,397.9,2.069
3,2026-03-23,ORD0096540,OUT033,chilled,60,370.5,2.143
3,2026-03-23,ORD0096541,OUT034,ambient,56,332.6,1.707
3,2026-03-23,ORD0096542,OUT040,ambient,90,608.7,3.178
3,2026-03-23,ORD0096543,OUT040,chilled,52,333.4,1.827
3,2026-03-23,ORD0096544,OUT041,ambient,47,259.4,1.472
3,2026-03-23,ORD0096545,OUT042,ambient,167,1062.5,5.406
3,2026-03-23,ORD0096546,OUT042,chilled,73,671.2,3.45
3,2026-03-23,ORD0096547,OUT043,ambient,25,157.3,0.875
3,2026-03-23,ORD0096548,OUT043,chilled,40,290.7,1.61
3,2026-03-23,ORD0096549,OUT044,ambient,60,404.5,2.069
3,2026-03-23,ORD0096550,OUT044,chilled,30,185.1,1.079
3,2026-03-23,ORD0096551,OUT045,ambient,26,228.3,1.1
3,2026-03-23,ORD0096552,OUT045,chilled,32,268.3,1.387
3,2026-03-23,ORD0096553,OUT046,ambient,40,204.0,1.152
3,2026-03-23,ORD0096554,OUT047,ambient,20,396.2,6.102
3,2026-03-23,ORD0096555,OUT048,ambient,32,543.0,8.34
3,2026-03-23,ORD0096556,OUT050,ambient,67,360.5,2.019
3,2026-03-23,ORD0096557,OUT050,chilled,43,271.4,1.594
3,2026-03-23,ORD0096558,OUT051,ambient,26,179.2,0.893
3,2026-03-23,ORD0096559,OUT051,chilled,18,153.0,0.764
3,2026-03-23,ORD0096560,OUT052,ambient,53,418.6,2.365
3,2026-03-23,ORD0096561,OUT053,ambient,22,134.1,0.773
3,2026-03-23,ORD0096562,OUT053,chilled,29,174.0,1.059
3,2026-03-23,ORD0096563,OUT054,ambient,120,747.1,4.163
3,2026-03-23,ORD0096564,OUT054,chilled,74,553.5,2.82
3,2026-03-23,ORD0096565,OUT055,ambient,52,324.8,1.624
3,2026-03-23,ORD0096566,OUT059,ambient,39,292.4,1.587
3,2026-03-23,ORD0096567,OUT059,chilled,48,365.3,1.937
3,2026-03-23,ORD0096568,OUT060,ambient,43,277.0,1.635
3,2026-03-23,ORD0096569,OUT061,ambient,36,216.9,1.244
3,2026-03-23,ORD0096570,OUT061,chilled,33,247.2,1.328
3,2026-03-23,ORD0096571,OUT062,ambient,64,378.6,2.397
3,2026-03-23,ORD0096572,OUT062,chilled,48,281.0,1.481
3,2026-03-23,ORD0096573,OUT065,ambient,78,539.2,2.895
3,2026-03-23,ORD0096574,OUT066,ambient,45,347.1,1.874
3,2026-03-23,ORD0096575,OUT067,ambient,41,237.2,1.349
3,2026-03-23,ORD0096576,OUT068,ambient,64,392.4,1.927
3,2026-03-23,ORD0096577,OUT068,chilled,32,233.9,1.334
3,2026-03-23,ORD0096578,OUT069,ambient,69,443.8,2.145
3,2026-03-23,ORD0096579,OUT069,chilled,46,274.6,1.489
3,2026-03-23,ORD0096580,OUT073,ambient,42,271.2,1.544
3,2026-03-23,ORD0096581,OUT073,chilled,62,366.5,2.146
3,2026-03-23,ORD0096582,OUT074,ambient,67,406.9,2.179
3,2026-03-23,ORD0096583,OUT074,chilled,44,290.5,1.534
3,2026-03-23,ORD0096584,OUT075,ambient,29,164.8,0.9
3,2026-03-23,ORD0096585,OUT075,chilled,21,162.4,0.955
3,2026-03-23,ORD0096586,OUT076,ambient,28,175.1,0.936
3,2026-03-23,ORD0096587,OUT077,ambient,13,83.9,0.445
3,2026-03-23,ORD0096588,OUT077,chilled,9,75.5,0.455
3,2026-03-23,ORD0096589,OUT078,ambient,22,155.3,0.827
3,2026-03-23,ORD0096590,OUT078,chilled,22,164.3,0.891
3,2026-03-23,ORD0096591,OUT079,ambient,21,136.7,0.706
3,2026-03-23,ORD0096592,OUT079,chilled,14,93.8,0.491
3,2026-03-23,ORD0096593,OUT080,ambient,19,122.1,0.647
3,2026-03-23,ORD0096594,OUT081,ambient,16,128.8,0.696
3,2026-03-23,ORD0096595,OUT082,ambient,18,110.5,0.645
3,2026-03-23,ORD0096596,OUT082,chilled,11,79.4,0.444
3,2026-03-23,ORD0096597,OUT083,ambient,15,92.3,0.464
3,2026-03-23,ORD0096598,OUT084,ambient,37,264.1,1.408
3,2026-03-23,ORD0096599,OUT085,ambient,56,318.2,1.755
3,2026-03-23,ORD0096600,OUT085,chilled,54,424.9,2.33
3,2026-03-23,ORD0096601,OUT086,ambient,29,195.6,1.099
3,2026-03-23,ORD0096602,OUT086,chilled,45,313.5,1.787
3,2026-03-23,ORD0096603,OUT087,ambient,44,322.9,1.75
3,2026-03-23,ORD0096604,OUT087,chilled,35,201.5,1.171
3,2026-03-23,ORD0096605,OUT096,ambient,28,170.7,0.995
3,2026-03-23,ORD0096606,OUT096,chilled,24,160.9,0.857
3,2026-03-23,ORD0096607,OUT097,ambient,65,538.9,2.668
3,2026-03-23,ORD0096608,OUT098,ambient,60,489.1,2.372
3,2026-03-23,ORD0096609,OUT098,chilled,49,355.4,1.843
3,2026-03-23,ORD0096610,OUT099,ambient,88,566.5,3.125
3,2026-03-23,ORD0096611,OUT099,chilled,37,248.5,1.366
3,2026-03-23,ORD0096612,OUT100,ambient,68,563.4,3.21
3,2026-03-23,ORD0096613,OUT101,ambient,76,474.1,2.299
3,2026-03-23,ORD0096614,OUT101,chilled,51,355.3,1.937
3,2026-03-23,ORD0096615,OUT102,ambient,52,704.7,12.154
3,2026-03-23,ORD0096616,OUT103,ambient,3,654.1,2.244
3,2026-03-23,ORD0096617,OUT104,ambient,56,284.3,1.742
3,2026-03-23,ORD0096618,OUT105,ambient,31,242.2,1.377
3,2026-03-23,ORD0096619,OUT105,chilled,26,167.1,0.85
3,2026-03-23,ORD0096620,OUT106,ambient,45,243.4,1.522
3,2026-03-23,ORD0096621,OUT107,ambient,54,351.9,1.754
3,2026-03-23,ORD0096622,OUT108,ambient,48,406.5,2.014
3,2026-03-23,ORD0096623,OUT108,chilled,36,282.6,1.541
3,2026-03-23,ORD0096624,OUT110,ambient,54,328.1,2.007
3,2026-03-23,ORD0096625,OUT110,chilled,30,234.1,1.224
3,2026-03-23,ORD0096626,OUT111,ambient,23,179.9,0.935
3,2026-03-23,ORD0096627,OUT111,chilled,34,193.7,1.05
3,2026-03-23,ORD0096628,OUT112,ambient,65,403.2,2.353
3,2026-03-23,ORD0096629,OUT113,ambient,65,468.7,2.764
3,2026-03-23,ORD0096630,OUT113,chilled,60,286.1,1.659
3,2026-03-23,ORD0096631,OUT114,ambient,38,636.6,10.571
3,2026-03-23,ORD0096632,OUT116,ambient,72,432.4,2.593
3,2026-03-23,ORD0096633,OUT116,chilled,35,221.1,1.247
3,2026-03-23,ORD0096634,OUT117,ambient,96,585.2,3.413
3,2026-03-23,ORD0096635,OUT118,ambient,117,587.2,3.427
3,2026-03-23,ORD0096636,OUT118,chilled,93,539.7,2.982
3,2026-03-23,ORD0096637,OUT119,ambient,48,280.5,1.524
3,2026-03-23,ORD0096638,OUT119,chilled,52,363.0,1.907
4,2026-03-24,ORD0096639,OUT001,ambient,11,103.6,0.498
4,2026-03-24,ORD0096640,OUT001,chilled,12,93.2,0.514
4,2026-03-24,ORD0096641,OUT002,ambient,17,106.2,0.553
4,2026-03-24,ORD0096642,OUT002,chilled,11,78.3,0.413
4,2026-03-24,ORD0096643,OUT003,ambient,11,84.9,0.478
4,2026-03-24,ORD0096644,OUT004,ambient,27,220.3,1.176
4,2026-03-24,ORD0096645,OUT005,ambient,77,543.4,2.701
4,2026-03-24,ORD0096646,OUT006,ambient,63,476.6,2.41
4,2026-03-24,ORD0096647,OUT006,chilled,66,534.0,2.649
4,2026-03-24,ORD0096648,OUT007,ambient,101,745.8,3.461
4,2026-03-24,ORD0096649,OUT008,ambient,52,361.6,1.88
4,2026-03-24,ORD0096650,OUT008,chilled,31,232.7,1.098
4,2026-03-24,ORD0096651,OUT009,ambient,38,244.4,1.341
4,2026-03-24,ORD0096652,OUT009,chilled,43,299.2,1.624
4,2026-03-24,ORD0096653,OUT010,ambient,44,330.8,1.621
4,2026-03-24,ORD0096654,OUT010,chilled,40,293.5,1.683
4,2026-03-24,ORD0096655,OUT011,ambient,59,352.8,2.058
4,2026-03-24,ORD0096656,OUT011,chilled,27,198.2,1.027
4,2026-03-24,ORD0096657,OUT012,ambient,45,340.9,1.923
4,2026-03-24,ORD0096658,OUT012,chilled,45,292.1,1.54
4,2026-03-24,ORD0096659,OUT013,ambient,116,805.9,4.407
4,2026-03-24,ORD0096660,OUT014,ambient,42,235.5,1.475
4,2026-03-24,ORD0096661,OUT021,ambient,4,1034.5,3.022
4,2026-03-24,ORD0096662,OUT022,ambient,5,1037.2,3.334
4,2026-03-24,ORD0096663,OUT023,ambient,2,405.3,1.359
4,2026-03-24,ORD0096664,OUT025,ambient,20,162.8,0.888
4,2026-03-24,ORD0096665,OUT025,chilled,22,135.5,0.687
4,2026-03-24,ORD0096666,OUT026,ambient,24,234.5,1.338
4,2026-03-24,ORD0096667,OUT026,chilled,29,218.8,1.121
4,2026-03-24,ORD0096668,OUT027,ambient,46,250.1,1.665
4,2026-03-24,ORD0096669,OUT027,chilled,31,261.0,1.389
4,2026-03-24,ORD0096670,OUT028,ambient,63,387.0,2.361
4,2026-03-24,ORD0096671,OUT028,chilled,30,241.8,1.286
4,2026-03-24,ORD0096672,OUT029,ambient,47,323.0,1.71
4,2026-03-24,ORD0096673,OUT029,chilled,34,260.3,1.53
4,2026-03-24,ORD0096674,OUT030,ambient,45,336.2,1.779
4,2026-03-24,ORD0096675,OUT030,chilled,54,350.6,1.909
4,2026-03-24,ORD0096676,OUT031,ambient,126,938.0,5.24
4,2026-03-24,ORD0096677,OUT031,chilled,181,975.5,4.93
4,2026-03-24,ORD0096678,OUT032,ambient,68,425.3,2.596
4,2026-03-24,ORD0096679,OUT032,chilled,132,699.0,4.028
4,2026-03-24,ORD0096680,OUT033,ambient,50,321.7,1.807
4,2026-03-24,ORD0096681,OUT034,ambient,62,471.5,2.173
4,2026-03-24,ORD0096682,OUT034,chilled,51,319.4,1.781
4,2026-03-24,ORD0096683,OUT040,ambient,71,447.5,2.706
4,2026-03-24,ORD0096684,OUT040,chilled,67,403.7,2.448
4,2026-03-24,ORD0096685,OUT041,ambient,65,413.5,2.144
4,2026-03-24,ORD0096686,OUT041,chilled,28,237.7,1.216
4,2026-03-24,ORD0096687,OUT042,ambient,128,912.9,5.059
4,2026-03-24,ORD0096688,OUT042,chilled,95,548.9,3.204
4,2026-03-24,ORD0096689,OUT043,ambient,24,159.7,0.881
4,2026-03-24,ORD0096690,OUT043,chilled,30,220.8,1.109
4,2026-03-24,ORD0096691,OUT044,ambient,72,443.1,2.045
4,2026-03-24,ORD0096692,OUT044,chilled,25,153.3,0.86
4,2026-03-24,ORD0096693,OUT045,ambient,24,187.8,0.968
4,2026-03-24,ORD0096694,OUT045,chilled,27,210.6,1.173
4,2026-03-24,ORD0096695,OUT046,ambient,40,240.6,1.257
4,2026-03-24,ORD0096696,OUT046,chilled,42,313.8,1.621
4,2026-03-24,ORD0096697,OUT049,ambient,5,971.0,3.017
4,2026-03-24,ORD0096698,OUT050,ambient,36,295.6,1.524
4,2026-03-24,ORD0096699,OUT050,chilled,47,291.0,1.548
4,2026-03-24,ORD0096700,OUT051,ambient,29,177.6,0.902
4,2026-03-24,ORD0096701,OUT051,chilled,14,89.6,0.506
4,2026-03-24,ORD0096702,OUT052,ambient,55,378.8,2.116
4,2026-03-24,ORD0096703,OUT052,chilled,36,288.0,1.396
4,2026-03-24,ORD0096704,OUT053,ambient,17,116.7,0.654
4,2026-03-24,ORD0096705,OUT054,ambient,97,667.5,3.415
4,2026-03-24,ORD0096706,OUT055,ambient,43,351.5,1.788
4,2026-03-24,ORD0096707,OUT055,chilled,34,249.7,1.35
4,2026-03-24,ORD0096708,OUT059,ambient,51,323.1,1.739
4,2026-03-24,ORD0096709,OUT059,chilled,42,328.9,1.697
4,2026-03-24,ORD0096710,OUT060,ambient,33,250.2,1.431
4,2026-03-24,ORD0096711,OUT060,chilled,57,460.1,2.314
4,2026-03-24,ORD0096712,OUT061,ambient,64,392.5,2.029
4,2026-03-24,ORD0096713,OUT061,chilled,35,214.2,1.138
4,2026-03-24,ORD0096714,OUT062,ambient,54,452.2,2.234
4,2026-03-24,ORD0096715,OUT062,chilled,59,375.2,2.055
4,2026-03-24,ORD0096716,OUT064,ambient,2,454.8,1.649
4,2026-03-24,ORD0096717,OUT065,ambient,80,461.4,2.518
4,2026-03-24,ORD0096718,OUT065,chilled,68,402.3,2.224
4,2026-03-24,ORD0096719,OUT066,ambient,39,332.9,1.518
4,2026-03-24,ORD0096720,OUT066,chilled,44,376.0,2.056
4,2026-03-24,ORD0096721,OUT067,ambient,38,297.1,1.437
4,2026-03-24,ORD0096722,OUT067,chilled,33,275.2,1.629
4,2026-03-24,ORD0096723,OUT068,ambient,32,229.2,1.283
4,2026-03-24,ORD0096724,OUT068,chilled,33,294.1,1.609
4,2026-03-24,ORD0096725,OUT069,ambient,55,305.7,1.775
4,2026-03-24,ORD0096726,OUT069,chilled,35,250.3,1.312
4,2026-03-24,ORD0096727,OUT073,ambient,65,332.5,1.799
4,2026-03-24,ORD0096728,OUT073,chilled,48,267.3,1.562
4,2026-03-24,ORD0096729,OUT074,ambient,58,321.8,1.732
4,2026-03-24,ORD0096730,OUT075,ambient,36,199.2,1.132
4,2026-03-24,ORD0096731,OUT075,chilled,32,181.2,0.958
4,2026-03-24,ORD0096732,OUT076,ambient,23,144.0,0.865
4,2026-03-24,ORD0096733,OUT077,ambient,13,103.2,0.531
4,2026-03-24,ORD0096734,OUT078,ambient,21,176.8,0.819
4,2026-03-24,ORD0096735,OUT078,chilled,25,179.6,0.864
4,2026-03-24,ORD0096736,OUT079,ambient,13,105.4,0.591
4,2026-03-24,ORD0096737,OUT079,chilled,12,87.2,0.556
4,2026-03-24,ORD0096738,OUT080,ambient,25,121.6,0.701
4,2026-03-24,ORD0096739,OUT080,chilled,12,98.7,0.527
4,2026-03-24,ORD0096740,OUT081,ambient,17,135.2,0.697
4,2026-03-24,ORD0096741,OUT081,chilled,29,224.2,1.185
4,2026-03-24,ORD0096742,OUT082,ambient,18,138.5,0.678
4,2026-03-24,ORD0096743,OUT083,ambient,19,99.4,0.537
4,2026-03-24,ORD0096744,OUT083,chilled,15,98.4,0.509
4,2026-03-24,ORD0096745,OUT084,ambient,31,205.8,1.248
4,2026-03-24,ORD0096746,OUT084,chilled,28,226.1,1.172
4,2026-03-24,ORD0096747,OUT085,ambient,39,227.2,1.502
4,2026-03-24,ORD0096748,OUT085,chilled,58,364.6,2.007
4,2026-03-24,ORD0096749,OUT086,ambient,36,344.4,1.612
4,2026-03-24,ORD0096750,OUT086,chilled,31,272.1,1.314
4,2026-03-24,ORD0096751,OUT087,ambient,37,261.9,1.395
4,2026-03-24,ORD0096752,OUT096,ambient,34,209.6,1.091
4,2026-03-24,ORD0096753,OUT097,ambient,74,455.8,2.653
4,2026-03-24,ORD0096754,OUT097,chilled,60,492.4,2.739
4,2026-03-24,ORD0096755,OUT098,ambient,59,380.0,2.207
4,2026-03-24,ORD0096756,OUT098,chilled,45,350.5,1.923
4,2026-03-24,ORD0096757,OUT099,ambient,72,420.7,2.155
4,2026-03-24,ORD0096758,OUT099,chilled,37,226.2,1.247
4,2026-03-24,ORD0096759,OUT100,ambient,68,518.4,2.733
4,2026-03-24,ORD0096760,OUT100,chilled,77,513.3,2.906
4,2026-03-24,ORD0096761,OUT101,ambient,49,364.0,1.981
4,2026-03-24,ORD0096762,OUT104,ambient,32,277.0,1.507
4,2026-03-24,ORD0096763,OUT104,chilled,32,219.9,1.225
4,2026-03-24,ORD0096764,OUT105,ambient,35,277.0,1.4
4,2026-03-24,ORD0096765,OUT105,chilled,20,138.6,0.786
4,2026-03-24,ORD0096766,OUT106,ambient,50,332.1,1.859
4,2026-03-24,ORD0096767,OUT106,chilled,30,227.9,1.087
4,2026-03-24,ORD0096768,OUT107,ambient,40,241.6,1.371
4,2026-03-24,ORD0096769,OUT107,chilled,45,279.3,1.656
4,2026-03-24,ORD0096770,OUT108,ambient,40,301.1,1.585
4,2026-03-24,ORD0096771,OUT108,chilled,36,214.4,1.301
4,2026-03-24,ORD0096772,OUT110,ambient,33,275.5,1.39
4,2026-03-24,ORD0096773,OUT111,ambient,26,144.1,0.855
4,2026-03-24,ORD0096774,OUT112,ambient,55,431.2,2.046
4,2026-03-24,ORD0096775,OUT112,chilled,46,370.5,1.832
4,2026-03-24,ORD0096776,OUT113,ambient,79,539.1,2.811
4,2026-03-24,ORD0096777,OUT113,chilled,31,246.6,1.341
4,2026-03-24,ORD0096778,OUT116,ambient,46,348.4,1.952
4,2026-03-24,ORD0096779,OUT116,chilled,40,250.6,1.376
4,2026-03-24,ORD0096780,OUT117,ambient,66,528.5,2.756
4,2026-03-24,ORD0096781,OUT118,ambient,115,557.6,3.843
4,2026-03-24,ORD0096782,OUT119,ambient,42,245.5,1.215
5,2026-03-25,ORD0096783,OUT001,ambient,10,68.4,0.411
5,2026-03-25,ORD0096784,OUT001,chilled,12,116.9,0.591
5,2026-03-25,ORD0096785,OUT002,ambient,24,143.3,0.851
5,2026-03-25,ORD0096786,OUT003,ambient,21,119.6,0.584
5,2026-03-25,ORD0096787,OUT003,chilled,10,64.2,0.371
5,2026-03-25,ORD0096788,OUT004,ambient,53,380.4,2.058
5,2026-03-25,ORD0096789,OUT004,chilled,22,182.5,0.944
5,2026-03-25,ORD0096790,OUT005,ambient,64,505.0,2.546
5,2026-03-25,ORD0096791,OUT005,chilled,87,447.3,2.766
5,2026-03-25,ORD0096792,OUT006,ambient,67,567.3,2.86
5,2026-03-25,ORD0096793,OUT007,ambient,114,647.9,3.657
5,2026-03-25,ORD0096794,OUT007,chilled,87,582.5,2.892
5,2026-03-25,ORD0096795,OUT008,ambient,34,306.7,1.582
5,2026-03-25,ORD0096796,OUT009,ambient,38,325.1,1.746
5,2026-03-25,ORD0096797,OUT010,ambient,45,359.0,1.878
5,2026-03-25,ORD0096798,OUT011,ambient,59,358.9,2.036
5,2026-03-25,ORD0096799,OUT011,chilled,40,259.4,1.567
5,2026-03-25,ORD0096800,OUT012,ambient,53,443.3,2.469
5,2026-03-25,ORD0096801,OUT012,chilled,44,366.6,1.826
5,2026-03-25,ORD0096802,OUT013,ambient,114,823.2,4.605
5,2026-03-25,ORD0096803,OUT013,chilled,73,549.2,2.745
5,2026-03-25,ORD0096804,OUT014,ambient,40,255.7,1.359
5,2026-03-25,ORD0096805,OUT014,chilled,48,316.5,1.763
5,2026-03-25,ORD0096806,OUT025,ambient,39,263.7,1.456
5,2026-03-25,ORD0096807,OUT025,chilled,31,237.7,1.246
5,2026-03-25,ORD0096808,OUT026,ambient,42,304.9,1.653
5,2026-03-25,ORD0096809,OUT027,ambient,47,337.9,1.859
5,2026-03-25,ORD0096810,OUT028,ambient,69,537.9,2.68
5,2026-03-25,ORD0096811,OUT028,chilled,60,384.4,2.12
5,2026-03-25,ORD0096812,OUT029,ambient,58,408.1,2.052
5,2026-03-25,ORD0096813,OUT030,ambient,55,359.7,1.863
5,2026-03-25,ORD0096814,OUT031,ambient,136,1357.2,6.325
5,2026-03-25,ORD0096815,OUT031,chilled,210,1183.9,7.011
5,2026-03-25,ORD0096816,OUT032,ambient,155,1056.3,5.337
5,2026-03-25,ORD0096817,OUT032,chilled,129,695.0,3.827
5,2026-03-25,ORD0096818,OUT033,ambient,72,383.4,2.115
5,2026-03-25,ORD0096819,OUT033,chilled,57,425.9,2.649
5,2026-03-25,ORD0096820,OUT034,ambient,69,478.7,2.499
5,2026-03-25,ORD0096821,OUT035,ambient,40,657.5,10.16
5,2026-03-25,ORD0096822,OUT036,ambient,45,695.4,10.052
5,2026-03-25,ORD0096823,OUT037,ambient,18,289.8,4.779
5,2026-03-25,ORD0096824,OUT040,ambient,103,696.2,3.833
5,2026-03-25,ORD0096825,OUT040,chilled,56,430.5,2.213
5,2026-03-25,ORD0096826,OUT041,ambient,52,336.6,1.843
5,2026-03-25,ORD0096827,OUT041,chilled,41,260.6,1.539
5,2026-03-25,ORD0096828,OUT042,ambient,115,1024.0,5.724
5,2026-03-25,ORD0096829,OUT042,chilled,101,623.0,3.608
5,2026-03-25,ORD0096830,OUT043,ambient,34,232.1,1.22
5,2026-03-25,ORD0096831,OUT044,ambient,45,316.9,1.748
5,2026-03-25,ORD0096832,OUT045,ambient,33,267.3,1.506
5,2026-03-25,ORD0096833,OUT046,ambient,35,201.2,1.151
5,2026-03-25,ORD0096834,OUT050,ambient,71,473.9,2.315
5,2026-03-25,ORD0096835,OUT050,chilled,35,339.0,1.782
5,2026-03-25,ORD0096836,OUT051,ambient,31,161.1,1.005
5,2026-03-25,ORD0096837,OUT051,chilled,24,163.8,0.778
5,2026-03-25,ORD0096838,OUT052,ambient,82,491.4,2.73
5,2026-03-25,ORD0096839,OUT052,chilled,49,313.6,1.792
5,2026-03-25,ORD0096840,OUT053,ambient,21,178.9,0.921
5,2026-03-25,ORD0096841,OUT053,chilled,38,224.3,1.145
5,2026-03-25,ORD0096842,OUT054,ambient,91,622.2,3.284
5,2026-03-25,ORD0096843,OUT054,chilled,75,628.7,3.58
5,2026-03-25,ORD0096844,OUT055,ambient,52,354.9,1.873
5,2026-03-25,ORD0096845,OUT055,chilled,47,284.8,1.434
5,2026-03-25,ORD0096846,OUT059,ambient,61,383.0,2.066
5,2026-03-25,ORD0096847,OUT060,ambient,72,495.5,2.566
5,2026-03-25,ORD0096848,OUT061,ambient,59,396.7,2.322
5,2026-03-25,ORD0096849,OUT062,ambient,47,398.6,1.897
5,2026-03-25,ORD0096850,OUT065,ambient,89,577.5,2.91
5,2026-03-25,ORD0096851,OUT066,ambient,63,396.9,2.212
5,2026-03-25,ORD0096852,OUT067,ambient,58,336.0,1.862
5,2026-03-25,ORD0096853,OUT067,chilled,58,393.8,1.943
5,2026-03-25,ORD0096854,OUT068,ambient,38,330.4,1.772
5,2026-03-25,ORD0096855,OUT068,chilled,54,381.9,1.93
5,2026-03-25,ORD0096856,OUT069,ambient,67,495.8,2.56
5,2026-03-25,ORD0096857,OUT069,chilled,33,220.4,1.296
5,2026-03-25,ORD0096858,OUT073,ambient,48,277.2,1.769
5,2026-03-25,ORD0096859,OUT073,chilled,54,399.2,1.958
5,2026-03-25,ORD0096860,OUT074,ambient,45,326.1,1.905
5,2026-03-25,ORD0096861,OUT075,ambient,29,181.9,1.061
5,2026-03-25,ORD0096862,OUT075,chilled,30,199.9,1.119
5,2026-03-25,ORD0096863,OUT076,ambient,33,192.0,1.026
5,2026-03-25,ORD0096864,OUT076,chilled,22,141.0,0.73
5,2026-03-25,ORD0096865,OUT077,ambient,14,119.7,0.547
5,2026-03-25,ORD0096866,OUT078,ambient,30,186.5,1.033
5,2026-03-25,ORD0096867,OUT079,ambient,20,119.2,0.735
5,2026-03-25,ORD0096868,OUT080,ambient,20,122.9,0.678
5,2026-03-25,ORD0096869,OUT080,chilled,18,141.0,0.792
5,2026-03-25,ORD0096870,OUT081,ambient,26,167.9,0.872
5,2026-03-25,ORD0096871,OUT081,chilled,45,242.8,1.516
5,2026-03-25,ORD0096872,OUT082,ambient,22,135.2,0.756
5,2026-03-25,ORD0096873,OUT082,chilled,12,71.3,0.415
5,2026-03-25,ORD0096874,OUT083,ambient,14,94.9,0.509
5,2026-03-25,ORD0096875,OUT083,chilled,15,100.6,0.583
5,2026-03-25,ORD0096876,OUT084,ambient,33,216.3,1.274
5,2026-03-25,ORD0096877,OUT084,chilled,53,316.4,1.853
5,2026-03-25,ORD0096878,OUT085,ambient,43,371.5,1.778
5,2026-03-25,ORD0096879,OUT085,chilled,49,370.8,2.08
5,2026-03-25,ORD0096880,OUT086,ambient,40,222.7,1.293
5,2026-03-25,ORD0096881,OUT087,ambient,45,293.8,1.503
5,2026-03-25,ORD0096882,OUT087,chilled,27,181.0,1.008
5,2026-03-25,ORD0096883,OUT093,ambient,1,211.5,0.72
5,2026-03-25,ORD0096884,OUT094,ambient,10,2225.0,6.915
5,2026-03-25,ORD0096885,OUT096,ambient,33,249.1,1.399
5,2026-03-25,ORD0096886,OUT097,ambient,66,423.4,2.364
5,2026-03-25,ORD0096887,OUT097,chilled,120,533.7,3.051
5,2026-03-25,ORD0096888,OUT098,ambient,41,453.1,2.088
5,2026-03-25,ORD0096889,OUT099,ambient,69,399.4,2.042
5,2026-03-25,ORD0096890,OUT099,chilled,43,298.1,1.71
5,2026-03-25,ORD0096891,OUT100,ambient,120,754.4,4.289
5,2026-03-25,ORD0096892,OUT100,chilled,100,645.3,3.459
5,2026-03-25,ORD0096893,OUT101,ambient,69,410.4,2.254
5,2026-03-25,ORD0096894,OUT101,chilled,49,443.2,2.455
5,2026-03-25,ORD0096895,OUT104,ambient,51,327.5,1.701
5,2026-03-25,ORD0096896,OUT104,chilled,41,289.7,1.531
5,2026-03-25,ORD0096897,OUT105,ambient,40,248.8,1.501
5,2026-03-25,ORD0096898,OUT105,chilled,24,181.1,0.925
5,2026-03-25,ORD0096899,OUT106,ambient,42,374.3,1.941
5,2026-03-25,ORD0096900,OUT106,chilled,38,313.2,1.584
5,2026-03-25,ORD0096901,OUT107,ambient,85,456.0,2.72
5,2026-03-25,ORD0096902,OUT107,chilled,34,219.7,1.26
5,2026-03-25,ORD0096903,OUT108,ambient,69,430.9,2.235
5,2026-03-25,ORD0096904,OUT110,ambient,36,299.5,1.514
5,2026-03-25,ORD0096905,OUT110,chilled,34,208.7,1.071
5,2026-03-25,ORD0096906,OUT111,ambient,33,171.8,0.984
5,2026-03-25,ORD0096907,OUT111,chilled,20,149.7,0.805
5,2026-03-25,ORD0096908,OUT112,ambient,43,394.3,1.874
5,2026-03-25,ORD0096909,OUT112,chilled,47,306.9,1.755
5,2026-03-25,ORD0096910,OUT113,ambient,77,486.9,2.895
5,2026-03-25,ORD0096911,OUT113,chilled,47,370.3,2.09
5,2026-03-25,ORD0096912,OUT115,ambient,8,1891.4,5.553
5,2026-03-25,ORD0096913,OUT116,ambient,54,333.9,1.925
5,2026-03-25,ORD0096914,OUT116,chilled,36,235.6,1.461
5,2026-03-25,ORD0096915,OUT117,ambient,81,547.0,2.986
5,2026-03-25,ORD0096916,OUT117,chilled,101,604.9,3.027
5,2026-03-25,ORD0096917,OUT118,ambient,110,772.5,4.526
5,2026-03-25,ORD0096918,OUT119,ambient,48,301.1,1.781
5,2026-03-25,ORD0096919,OUT119,chilled,71,570.8,2.858
5,2026-03-25,ORD0096920,OUT120,ambient,40,729.6,10.641
6,2026-03-26,ORD0096921,OUT001,ambient,14,103.8,0.557
6,2026-03-26,ORD0096922,OUT001,chilled,16,137.1,0.661
6,2026-03-26,ORD0096923,OUT002,ambient,17,126.4,0.693
6,2026-03-26,ORD0096924,OUT002,chilled,24,128.3,0.816
6,2026-03-26,ORD0096925,OUT003,ambient,19,129.7,0.717
6,2026-03-26,ORD0096926,OUT003,chilled,12,69.6,0.434
6,2026-03-26,ORD0096927,OUT004,ambient,37,248.3,1.315
6,2026-03-26,ORD0096928,OUT004,chilled,25,173.3,0.851
6,2026-03-26,ORD0096929,OUT005,ambient,83,503.7,2.854
6,2026-03-26,ORD0096930,OUT005,chilled,90,529.7,2.7
6,2026-03-26,ORD0096931,OUT006,ambient,80,471.5,2.81
6,2026-03-26,ORD0096932,OUT006,chilled,70,575.6,2.961
6,2026-03-26,ORD0096933,OUT007,ambient,133,908.8,4.895
6,2026-03-26,ORD0096934,OUT008,ambient,54,437.2,2.288
6,2026-03-26,ORD0096935,OUT008,chilled,40,298.1,1.485
6,2026-03-26,ORD0096936,OUT009,ambient,57,362.1,2.024
6,2026-03-26,ORD0096937,OUT009,chilled,39,298.4,1.734
6,2026-03-26,ORD0096938,OUT010,ambient,55,394.8,2.079
6,2026-03-26,ORD0096939,OUT010,chilled,47,380.6,1.972
6,2026-03-26,ORD0096940,OUT011,ambient,41,399.2,2.124
6,2026-03-26,ORD0096941,OUT011,chilled,43,317.5,1.509
6,2026-03-26,ORD0096942,OUT012,ambient,74,411.3,2.224
6,2026-03-26,ORD0096943,OUT013,ambient,79,864.7,4.338
6,2026-03-26,ORD0096944,OUT013,chilled,86,698.5,3.439
6,2026-03-26,ORD0096945,OUT014,ambient,49,302.9,1.575
6,2026-03-26,ORD0096946,OUT014,chilled,62,396.8,2.014
6,2026-03-26,ORD0096947,OUT015,ambient,22,360.0,5.209
6,2026-03-26,ORD0096948,OUT016,ambient,32,364.0,6.176
6,2026-03-26,ORD0096949,OUT017,ambient,48,580.3,10.213
6,2026-03-26,ORD0096950,OUT018,ambient,34,586.8,9.433
6,2026-03-26,ORD0096951,OUT019,ambient,32,419.0,7.433
6,2026-03-26,ORD0096952,OUT020,ambient,69,1079.2,15.686
6,2026-03-26,ORD0096953,OUT025,ambient,29,197.8,1.17
6,2026-03-26,ORD0096954,OUT025,chilled,22,178.1,0.92
6,2026-03-26,ORD0096955,OUT026,ambient,54,383.8,1.986
6,2026-03-26,ORD0096956,OUT026,chilled,31,262.0,1.323
6,2026-03-26,ORD0096957,OUT027,ambient,60,352.9,2.068
6,2026-03-26,ORD0096958,OUT027,chilled,52,335.8,1.828
6,2026-03-26,ORD0096959,OUT028,ambient,73,519.4,2.537
6,2026-03-26,ORD0096960,OUT029,ambient,66,454.1,2.271
6,2026-03-26,ORD0096961,OUT030,ambient,78,444.2,2.959
6,2026-03-26,ORD0096962,OUT030,chilled,54,449.0,2.41
6,2026-03-26,ORD0096963,OUT031,ambient,168,1210.5,6.199
6,2026-03-26,ORD0096964,OUT032,ambient,152,1174.8,5.556
6,2026-03-26,ORD0096965,OUT033,ambient,41,314.6,2.0
6,2026-03-26,ORD0096966,OUT033,chilled,63,485.2,2.556
6,2026-03-26,ORD0096967,OUT034,ambient,85,456.8,2.485
6,2026-03-26,ORD0096968,OUT034,chilled,67,473.7,2.606
6,2026-03-26,ORD0096969,OUT040,ambient,96,717.8,3.802
6,2026-03-26,ORD0096970,OUT041,ambient,54,409.9,2.288
6,2026-03-26,ORD0096971,OUT041,chilled,41,261.0,1.622
6,2026-03-26,ORD0096972,OUT042,ambient,191,1164.9,6.306
6,2026-03-26,ORD0096973,OUT042,chilled,151,1040.1,5.223
6,2026-03-26,ORD0096974,OUT043,ambient,38,259.8,1.461
6,2026-03-26,ORD0096975,OUT043,chilled,43,264.9,1.463
6,2026-03-26,ORD0096976,OUT044,ambient,71,522.5,2.703
6,2026-03-26,ORD0096977,OUT045,ambient,37,299.8,1.508
6,2026-03-26,ORD0096978,OUT045,chilled,50,309.6,1.784
6,2026-03-26,ORD0096979,OUT046,ambient,43,260.6,1.491
6,2026-03-26,ORD0096980,OUT046,chilled,40,311.8,1.734
6,2026-03-26,ORD0096981,OUT050,ambient,48,348.5,2.078
6,2026-03-26,ORD0096982,OUT050,chilled,50,470.9,2.436
6,2026-03-26,ORD0096983,OUT051,ambient,28,188.1,0.96
6,2026-03-26,ORD0096984,OUT051,chilled,23,152.7,0.75
6,2026-03-26,ORD0096985,OUT052,ambient,90,551.1,3.325
6,2026-03-26,ORD0096986,OUT052,chilled,58,425.8,2.171
6,2026-03-26,ORD0096987,OUT053,ambient,31,212.9,1.075
6,2026-03-26,ORD0096988,OUT053,chilled,23,171.3,0.895
6,2026-03-26,ORD0096989,OUT054,ambient,122,834.3,4.539
6,2026-03-26,ORD0096990,OUT054,chilled,138,853.7,4.621
6,2026-03-26,ORD0096991,OUT055,ambient,76,547.8,2.874
6,2026-03-26,ORD0096992,OUT055,chilled,49,346.5,1.925
6,2026-03-26,ORD0096993,OUT059,ambient,65,418.8,2.454
6,2026-03-26,ORD0096994,OUT059,chilled,85,638.9,2.977
6,2026-03-26,ORD0096995,OUT060,ambient,56,381.2,2.247
6,2026-03-26,ORD0096996,OUT060,chilled,80,466.4,2.832
6,2026-03-26,ORD0096997,OUT061,ambient,74,514.3,2.651
6,2026-03-26,ORD0096998,OUT061,chilled,31,228.4,1.226
6,2026-03-26,ORD0096999,OUT062,ambient,63,491.3,2.574
6,2026-03-26,ORD0097000,OUT062,chilled,42,347.7,1.922
6,2026-03-26,ORD0097001,OUT065,ambient,78,511.7,2.604
6,2026-03-26,ORD0097002,OUT065,chilled,86,673.8,3.803
6,2026-03-26,ORD0097003,OUT066,ambient,59,406.9,2.353
6,2026-03-26,ORD0097004,OUT066,chilled,62,464.5,2.589
6,2026-03-26,ORD0097005,OUT067,ambient,43,292.3,1.526
6,2026-03-26,ORD0097006,OUT067,chilled,49,341.1,1.9
6,2026-03-26,ORD0097007,OUT068,ambient,66,531.9,2.761
6,2026-03-26,ORD0097008,OUT069,ambient,61,516.1,2.497
6,2026-03-26,ORD0097009,OUT073,ambient,65,392.1,2.035
6,2026-03-26,ORD0097010,OUT073,chilled,47,332.1,1.901
6,2026-03-26,ORD0097011,OUT074,ambient,54,363.1,1.843
6,2026-03-26,ORD0097012,OUT074,chilled,60,469.3,2.249
6,2026-03-26,ORD0097013,OUT075,ambient,29,194.0,1.0
6,2026-03-26,ORD0097014,OUT076,ambient,36,209.2,1.173
6,2026-03-26,ORD0097015,OUT076,chilled,15,122.9,0.628
6,2026-03-26,ORD0097016,OUT077,ambient,13,107.6,0.512
6,2026-03-26,ORD0097017,OUT077,chilled,18,149.3,0.693
6,2026-03-26,ORD0097018,OUT078,ambient,25,174.0,0.896
6,2026-03-26,ORD0097019,OUT078,chilled,28,217.1,1.187
6,2026-03-26,ORD0097020,OUT079,ambient,17,139.9,0.711
6,2026-03-26,ORD0097021,OUT079,chilled,18,120.0,0.637
6,2026-03-26,ORD0097022,OUT080,ambient,16,118.2,0.666
6,2026-03-26,ORD0097023,OUT080,chilled,25,163.6,0.888
6,2026-03-26,ORD0097024,OUT081,ambient,23,179.2,0.936
6,2026-03-26,ORD0097025,OUT081,chilled,30,196.3,1.055
6,2026-03-26,ORD0097026,OUT082,ambient,25,176.5,0.97
6,2026-03-26,ORD0097027,OUT082,chilled,17,117.5,0.581
6,2026-03-26,ORD0097028,OUT083,ambient,17,87.1,0.501
6,2026-03-26,ORD0097029,OUT084,ambient,30,223.5,1.222
6,2026-03-26,ORD0097030,OUT084,chilled,45,360.3,1.561
6,2026-03-26,ORD0097031,OUT085,ambient,52,346.7,1.947
6,2026-03-26,ORD0097032,OUT086,ambient,45,228.6,1.514
6,2026-03-26,ORD0097033,OUT087,ambient,38,297.3,1.679
6,2026-03-26,ORD0097034,OUT087,chilled,31,191.6,1.046
6,2026-03-26,ORD0097035,OUT088,ambient,11,201.9,3.019
6,2026-03-26,ORD0097036,OUT089,ambient,35,453.0,7.112
6,2026-03-26,ORD0097037,OUT090,ambient,23,333.8,5.043
6,2026-03-26,ORD0097038,OUT091,ambient,34,559.4,8.276
6,2026-03-26,ORD0097039,OUT092,ambient,34,573.5,8.768
6,2026-03-26,ORD0097040,OUT096,ambient,42,241.3,1.263
6,2026-03-26,ORD0097041,OUT096,chilled,23,201.9,0.927
6,2026-03-26,ORD0097042,OUT097,ambient,65,431.8,2.368
6,2026-03-26,ORD0097043,OUT097,chilled,65,455.5,2.552
6,2026-03-26,ORD0097044,OUT098,ambient,78,476.9,2.341
6,2026-03-26,ORD0097045,OUT099,ambient,102,595.1,3.144
6,2026-03-26,ORD0097046,OUT100,ambient,94,701.3,3.712
6,2026-03-26,ORD0097047,OUT100,chilled,64,507.6,2.834
6,2026-03-26,ORD0097048,OUT101,ambient,54,345.3,1.937
6,2026-03-26,ORD0097049,OUT104,ambient,52,348.0,2.118
6,2026-03-26,ORD0097050,OUT105,ambient,43,290.7,1.553
6,2026-03-26,ORD0097051,OUT106,ambient,52,378.5,2.211
6,2026-03-26,ORD0097052,OUT106,chilled,38,270.4,1.508
6,2026-03-26,ORD0097053,OUT107,ambient,55,409.9,2.351
6,2026-03-26,ORD0097054,OUT107,chilled,61,346.1,1.777
6,2026-03-26,ORD0097055,OUT108,ambient,62,453.2,2.482
6,2026-03-26,ORD0097056,OUT108,chilled,45,296.1,1.55
6,2026-03-26,ORD0097057,OUT110,ambient,64,410.2,2.042
6,2026-03-26,ORD0097058,OUT110,chilled,39,279.7,1.458
6,2026-03-26,ORD0097059,OUT111,ambient,33,201.0,1.119
6,2026-03-26,ORD0097060,OUT111,chilled,18,134.3,0.809
6,2026-03-26,ORD0097061,OUT112,ambient,79,519.6,2.639
6,2026-03-26,ORD0097062,OUT113,ambient,65,527.2,2.652
6,2026-03-26,ORD0097063,OUT113,chilled,39,314.1,1.616
6,2026-03-26,ORD0097064,OUT116,ambient,82,489.1,2.617
6,2026-03-26,ORD0097065,OUT117,ambient,121,620.7,3.259
6,2026-03-26,ORD0097066,OUT117,chilled,94,606.6,3.577
6,2026-03-26,ORD0097067,OUT118,ambient,132,1022.8,5.629
6,2026-03-26,ORD0097068,OUT118,chilled,88,553.3,2.871
6,2026-03-26,ORD0097069,OUT119,ambient,79,396.9,2.55
6,2026-03-26,ORD0097070,OUT119,chilled,53,349.2,1.784
7,2026-03-27,ORD0097071,OUT001,ambient,16,95.8,0.583
7,2026-03-27,ORD0097072,OUT001,chilled,21,169.5,0.957
7,2026-03-27,ORD0097073,OUT002,ambient,22,139.3,0.759
7,2026-03-27,ORD0097074,OUT002,chilled,18,147.6,0.794
7,2026-03-27,ORD0097075,OUT003,ambient,23,135.1,0.698
7,2026-03-27,ORD0097076,OUT003,chilled,11,84.2,0.416
7,2026-03-27,ORD0097077,OUT004,ambient,37,264.3,1.238
7,2026-03-27,ORD0097078,OUT004,chilled,31,157.9,1.049
7,2026-03-27,ORD0097079,OUT005,ambient,87,761.0,3.997
7,2026-03-27,ORD0097080,OUT005,chilled,92,540.6,2.924
7,2026-03-27,ORD0097081,OUT006,ambient,104,717.9,3.989
7,2026-03-27,ORD0097082,OUT007,ambient,120,896.6,4.671
7,2026-03-27,ORD0097083,OUT007,chilled,101,549.1,3.441
7,2026-03-27,ORD0097084,OUT008,ambient,87,724.7,3.76
7,2026-03-27,ORD0097085,OUT008,chilled,50,311.5,1.655
7,2026-03-27,ORD0097086,OUT009,ambient,62,391.1,2.19
7,2026-03-27,ORD0097087,OUT009,chilled,34,318.8,1.696
7,2026-03-27,ORD0097088,OUT010,ambient,70,440.4,2.213
7,2026-03-27,ORD0097089,OUT011,ambient,79,587.7,3.134
7,2026-03-27,ORD0097090,OUT012,ambient,66,434.2,2.451
7,2026-03-27,ORD0097091,OUT013,ambient,178,1331.2,6.607
7,2026-03-27,ORD0097092,OUT013,chilled,100,611.3,3.409
7,2026-03-27,ORD0097093,OUT014,ambient,62,482.6,2.582
7,2026-03-27,ORD0097094,OUT022,ambient,3,779.0,2.683
7,2026-03-27,ORD0097095,OUT024,ambient,7,1267.3,4.431
7,2026-03-27,ORD0097096,OUT025,ambient,53,356.5,2.14
7,2026-03-27,ORD0097097,OUT026,ambient,44,327.4,1.756
7,2026-03-27,ORD0097098,OUT026,chilled,44,293.6,1.731
7,2026-03-27,ORD0097099,OUT027,ambient,68,558.3,2.968
7,2026-03-27,ORD0097100,OUT028,ambient,82,573.7,3.191
7,2026-03-27,ORD0097101,OUT028,chilled,69,597.9,2.976
7,2026-03-27,ORD0097102,OUT029,ambient,85,428.5,2.419
7,2026-03-27,ORD0097103,OUT029,chilled,55,402.9,2.118
7,2026-03-27,ORD0097104,OUT030,ambient,83,464.7,2.749
7,2026-03-27,ORD0097105,OUT030,chilled,79,544.8,2.934
7,2026-03-27,ORD0097106,OUT031,ambient,180,1195.6,6.241
7,2026-03-27,ORD0097107,OUT032,ambient,119,699.9,4.052
7,2026-03-27,ORD0097108,OUT032,chilled,215,1100.8,5.8
7,2026-03-27,ORD0097109,OUT033,ambient,87,649.5,3.078
7,2026-03-27,ORD0097110,OUT034,ambient,65,447.1,2.206
7,2026-03-27,ORD0097111,OUT034,chilled,60,410.3,2.377
7,2026-03-27,ORD0097112,OUT038,ambient,8,1725.0,6.089
7,2026-03-27,ORD0097113,OUT040,ambient,104,618.1,3.278
7,2026-03-27,ORD0097114,OUT041,ambient,61,407.4,2.184
7,2026-03-27,ORD0097115,OUT042,ambient,131,1010.1,4.964
7,2026-03-27,ORD0097116,OUT043,ambient,47,339.9,1.819
7,2026-03-27,ORD0097117,OUT043,chilled,43,271.6,1.441
7,2026-03-27,ORD0097118,OUT044,ambient,89,547.8,3.036
7,2026-03-27,ORD0097119,OUT044,chilled,28,231.6,1.218
7,2026-03-27,ORD0097120,OUT045,ambient,42,243.2,1.46
7,2026-03-27,ORD0097121,OUT046,ambient,41,350.0,1.934
7,2026-03-27,ORD0097122,OUT046,chilled,53,380.6,2.142
7,2026-03-27,ORD0097123,OUT050,ambient,56,357.9,2.192
7,2026-03-27,ORD0097124,OUT051,ambient,29,238.3,1.245
7,2026-03-27,ORD0097125,OUT052,ambient,73,546.2,3.157
7,2026-03-27,ORD0097126,OUT053,ambient,38,168.6,1.011
7,2026-03-27,ORD0097127,OUT053,chilled,26,185.4,0.985
7,2026-03-27,ORD0097128,OUT054,ambient,168,935.5,4.974
7,2026-03-27,ORD0097129,OUT054,chilled,111,738.2,4.239
7,2026-03-27,ORD0097130,OUT055,ambient,76,460.8,2.597
7,2026-03-27,ORD0097131,OUT056,ambient,36,577.5,9.036
7,2026-03-27,ORD0097132,OUT057,ambient,77,1186.5,19.039
7,2026-03-27,ORD0097133,OUT059,ambient,101,628.8,3.34
7,2026-03-27,ORD0097134,OUT060,ambient,53,359.3,1.992
7,2026-03-27,ORD0097135,OUT060,chilled,69,414.9,2.427
7,2026-03-27,ORD0097136,OUT061,ambient,69,489.1,2.579
7,2026-03-27,ORD0097137,OUT062,ambient,102,597.5,3.303
7,2026-03-27,ORD0097138,OUT062,chilled,76,456.3,2.348
7,2026-03-27,ORD0097139,OUT063,ambient,38,537.6,8.372
7,2026-03-27,ORD0097140,OUT065,ambient,82,581.4,2.967
7,2026-03-27,ORD0097141,OUT065,chilled,92,667.5,3.492
7,2026-03-27,ORD0097142,OUT066,ambient,71,428.7,2.685
7,2026-03-27,ORD0097143,OUT066,chilled,62,427.2,2.505
7,2026-03-27,ORD0097144,OUT067,ambient,103,558.6,2.944
7,2026-03-27,ORD0097145,OUT067,chilled,76,562.3,3.311
7,2026-03-27,ORD0097146,OUT068,ambient,77,375.1,1.98
7,2026-03-27,ORD0097147,OUT069,ambient,65,444.8,2.524
7,2026-03-27,ORD0097148,OUT070,ambient,20,303.5,5.026
7,2026-03-27,ORD0097149,OUT071,ambient,39,620.5,9.641
7,2026-03-27,ORD0097150,OUT073,ambient,70,467.6,2.598
7,2026-03-27,ORD0097151,OUT074,ambient,56,406.1,2.29
7,2026-03-27,ORD0097152,OUT074,chilled,67,477.3,2.705
7,2026-03-27,ORD0097153,OUT075,ambient,35,236.8,1.205
7,2026-03-27,ORD0097154,OUT076,ambient,31,215.3,1.122
7,2026-03-27,ORD0097155,OUT076,chilled,25,173.0,0.968
7,2026-03-27,ORD0097156,OUT077,ambient,17,115.6,0.591
7,2026-03-27,ORD0097157,OUT077,chilled,17,98.0,0.569
7,2026-03-27,ORD0097158,OUT078,ambient,32,189.0,1.028
7,2026-03-27,ORD0097159,OUT079,ambient,18,106.2,0.609
7,2026-03-27,ORD0097160,OUT080,ambient,19,120.3,0.702
7,2026-03-27,ORD0097161,OUT080,chilled,26,161.5,0.865
7,2026-03-27,ORD0097162,OUT081,ambient,34,198.4,1.075
7,2026-03-27,ORD0097163,OUT082,ambient,25,199.4,0.996
7,2026-03-27,ORD0097164,OUT082,chilled,17,111.0,0.607
7,2026-03-27,ORD0097165,OUT083,ambient,13,85.5,0.486
7,2026-03-27,ORD0097166,OUT083,chilled,17,118.2,0.668
7,2026-03-27,ORD0097167,OUT084,ambient,53,323.3,1.65
7,2026-03-27,ORD0097168,OUT084,chilled,55,350.1,2.014
7,2026-03-27,ORD0097169,OUT085,ambient,71,563.1,2.761
7,2026-03-27,ORD0097170,OUT085,chilled,91,577.1,3.009
7,2026-03-27,ORD0097171,OUT086,ambient,82,376.0,2.32
7,2026-03-27,ORD0097172,OUT086,chilled,73,443.2,2.137
7,2026-03-27,ORD0097173,OUT087,ambient,82,477.3,2.516
7,2026-03-27,ORD0097174,OUT096,ambient,31,225.8,1.166
7,2026-03-27,ORD0097175,OUT096,chilled,33,211.0,1.115
7,2026-03-27,ORD0097176,OUT097,ambient,109,501.8,2.853
7,2026-03-27,ORD0097177,OUT098,ambient,79,494.9,2.831
7,2026-03-27,ORD0097178,OUT098,chilled,70,484.6,2.288
7,2026-03-27,ORD0097179,OUT099,ambient,71,419.4,2.62
7,2026-03-27,ORD0097180,OUT100,ambient,102,667.2,3.593
7,2026-03-27,ORD0097181,OUT101,ambient,69,509.2,2.851
7,2026-03-27,ORD0097182,OUT101,chilled,84,529.0,2.689
7,2026-03-27,ORD0097183,OUT104,ambient,40,291.3,1.561
7,2026-03-27,ORD0097184,OUT104,chilled,64,385.5,2.148
7,2026-03-27,ORD0097185,OUT105,ambient,46,361.3,1.655
7,2026-03-27,ORD0097186,OUT106,ambient,87,531.4,2.722
7,2026-03-27,ORD0097187,OUT107,ambient,60,414.9,2.467
7,2026-03-27,ORD0097188,OUT107,chilled,41,341.5,1.887
7,2026-03-27,ORD0097189,OUT108,ambient,65,507.7,2.914
7,2026-03-27,ORD0097190,OUT110,ambient,57,376.6,2.11
7,2026-03-27,ORD0097191,OUT111,ambient,32,217.4,1.227
7,2026-03-27,ORD0097192,OUT111,chilled,25,179.4,0.933
7,2026-03-27,ORD0097193,OUT112,ambient,82,578.7,3.124
7,2026-03-27,ORD0097194,OUT112,chilled,70,464.5,2.64
7,2026-03-27,ORD0097195,OUT113,ambient,95,739.2,4.063
7,2026-03-27,ORD0097196,OUT116,ambient,70,425.7,2.24
7,2026-03-27,ORD0097197,OUT116,chilled,59,277.9,1.615
7,2026-03-27,ORD0097198,OUT117,ambient,102,698.5,3.871
7,2026-03-27,ORD0097199,OUT117,chilled,107,669.0,3.814
7,2026-03-27,ORD0097200,OUT118,ambient,135,719.3,4.357
7,2026-03-27,ORD0097201,OUT118,chilled,106,749.4,4.102
7,2026-03-27,ORD0097202,OUT119,ambient,71,411.4,2.224
7,2026-03-27,ORD0097203,OUT119,chilled,63,473.3,2.821
8,2026-03-28,ORD0097204,OUT001,ambient,11,82.2,0.444
8,2026-03-28,ORD0097205,OUT002,ambient,24,133.2,0.675
8,2026-03-28,ORD0097206,OUT002,chilled,19,131.5,0.745
8,2026-03-28,ORD0097207,OUT003,ambient,15,93.7,0.562
8,2026-03-28,ORD0097208,OUT003,chilled,12,60.4,0.343
8,2026-03-28,ORD0097209,OUT004,ambient,29,238.2,1.31
8,2026-03-28,ORD0097210,OUT004,chilled,24,161.9,0.868
8,2026-03-28,ORD0097211,OUT005,ambient,65,463.2,2.644
8,2026-03-28,ORD0097212,OUT005,chilled,54,404.9,2.253
8,2026-03-28,ORD0097213,OUT006,ambient,107,757.7,3.946
8,2026-03-28,ORD0097214,OUT006,chilled,81,681.6,3.561
8,2026-03-28,ORD0097215,OUT007,ambient,127,645.1,3.719
8,2026-03-28,ORD0097216,OUT007,chilled,123,589.1,3.385
8,2026-03-28,ORD0097217,OUT008,ambient,54,377.1,2.063
8,2026-03-28,ORD0097218,OUT009,ambient,28,238.8,1.297
8,2026-03-28,ORD0097219,OUT009,chilled,46,324.2,1.748
8,2026-03-28,ORD0097220,OUT010,ambient,59,434.4,2.195
8,2026-03-28,ORD0097221,OUT010,chilled,37,217.9,1.397
8,2026-03-28,ORD0097222,OUT011,ambient,44,356.9,1.781
8,2026-03-28,ORD0097223,OUT012,ambient,52,367.6,2.119
8,2026-03-28,ORD0097224,OUT012,chilled,36,253.7,1.436
8,2026-03-28,ORD0097225,OUT013,ambient,136,985.3,4.982
8,2026-03-28,ORD0097226,OUT013,chilled,65,403.4,2.285
8,2026-03-28,ORD0097227,OUT014,ambient,33,249.4,1.244
8,2026-03-28,ORD0097228,OUT014,chilled,60,403.4,1.881
8,2026-03-28,ORD0097229,OUT025,ambient,28,244.4,1.193
8,2026-03-28,ORD0097230,OUT026,ambient,50,395.8,2.002
8,2026-03-28,ORD0097231,OUT026,chilled,36,244.5,1.396
8,2026-03-28,ORD0097232,OUT027,ambient,51,385.7,1.945
8,2026-03-28,ORD0097233,OUT027,chilled,55,324.5,1.89
8,2026-03-28,ORD0097234,OUT028,ambient,71,445.9,2.639
8,2026-03-28,ORD0097235,OUT028,chilled,50,379.7,2.057
8,2026-03-28,ORD0097236,OUT029,ambient,73,488.8,2.705
8,2026-03-28,ORD0097237,OUT029,chilled,39,272.4,1.369
8,2026-03-28,ORD0097238,OUT030,ambient,60,447.0,2.435
8,2026-03-28,ORD0097239,OUT031,ambient,156,1233.8,6.272
8,2026-03-28,ORD0097240,OUT031,chilled,290,1552.0,7.714
8,2026-03-28,ORD0097241,OUT032,ambient,85,771.2,3.279
8,2026-03-28,ORD0097242,OUT032,chilled,179,1189.0,6.262
8,2026-03-28,ORD0097243,OUT033,ambient,74,501.6,2.793
8,2026-03-28,ORD0097244,OUT033,chilled,68,482.3,2.728
8,2026-03-28,ORD0097245,OUT034,ambient,74,536.4,2.657
8,2026-03-28,ORD0097246,OUT034,chilled,83,492.1,2.53
8,2026-03-28,ORD0097247,OUT038,ambient,6,1187.6,3.897
8,2026-03-28,ORD0097248,OUT039,ambient,6,1034.8,3.647
8,2026-03-28,ORD0097249,OUT040,ambient,76,654.0,3.229
8,2026-03-28,ORD0097250,OUT040,chilled,71,438.9,2.609
8,2026-03-28,ORD0097251,OUT041,ambient,75,411.7,2.022
8,2026-03-28,ORD0097252,OUT041,chilled,50,331.2,1.778
8,2026-03-28,ORD0097253,OUT042,ambient,166,1053.7,6.127
8,2026-03-28,ORD0097254,OUT043,ambient,22,154.6,0.885
8,2026-03-28,ORD0097255,OUT044,ambient,74,355.8,2.024
8,2026-03-28,ORD0097256,OUT044,chilled,27,159.4,0.962
8,2026-03-28,ORD0097257,OUT045,ambient,27,234.4,1.443
8,2026-03-28,ORD0097258,OUT045,chilled,54,331.2,1.836
8,2026-03-28,ORD0097259,OUT046,ambient,35,241.8,1.23
8,2026-03-28,ORD0097260,OUT046,chilled,46,311.1,1.77
8,2026-03-28,ORD0097261,OUT050,ambient,57,402.2,2.117
8,2026-03-28,ORD0097262,OUT051,ambient,44,241.4,1.324
8,2026-03-28,ORD0097263,OUT052,ambient,101,525.2,2.68
8,2026-03-28,ORD0097264,OUT052,chilled,47,319.7,1.582
8,2026-03-28,ORD0097265,OUT053,ambient,33,183.6,1.006
8,2026-03-28,ORD0097266,OUT054,ambient,157,1186.9,5.952
8,2026-03-28,ORD0097267,OUT055,ambient,73,483.7,2.638
8,2026-03-28,ORD0097268,OUT055,chilled,47,329.1,1.867
8,2026-03-28,ORD0097269,OUT059,ambient,56,383.7,2.175
8,2026-03-28,ORD0097270,OUT059,chilled,56,420.2,2.344
8,2026-03-28,ORD0097271,OUT060,ambient,59,348.5,1.966
8,2026-03-28,ORD0097272,OUT060,chilled,70,375.6,2.003
8,2026-03-28,ORD0097273,OUT061,ambient,43,303.1,1.514
8,2026-03-28,ORD0097274,OUT061,chilled,32,223.2,1.162
8,2026-03-28,ORD0097275,OUT062,ambient,56,463.8,2.375
8,2026-03-28,ORD0097276,OUT065,ambient,79,487.0,2.959
8,2026-03-28,ORD0097277,OUT065,chilled,98,663.0,3.266
8,2026-03-28,ORD0097278,OUT066,ambient,47,391.1,2.052
8,2026-03-28,ORD0097279,OUT066,chilled,78,493.2,2.458
8,2026-03-28,ORD0097280,OUT067,ambient,47,394.6,2.196
8,2026-03-28,ORD0097281,OUT068,ambient,52,328.4,1.974
8,2026-03-28,ORD0097282,OUT068,chilled,43,291.0,1.771
8,2026-03-28,ORD0097283,OUT069,ambient,67,532.2,2.604
8,2026-03-28,ORD0097284,OUT069,chilled,59,316.7,1.775
8,2026-03-28,ORD0097285,OUT072,ambient,6,1296.9,4.391
8,2026-03-28,ORD0097286,OUT073,ambient,83,502.9,2.77
8,2026-03-28,ORD0097287,OUT074,ambient,74,425.0,2.405
8,2026-03-28,ORD0097288,OUT074,chilled,55,471.2,2.317
8,2026-03-28,ORD0097289,OUT075,ambient,35,245.7,1.208
8,2026-03-28,ORD0097290,OUT075,chilled,44,240.2,1.36
8,2026-03-28,ORD0097291,OUT076,ambient,25,152.6,0.791
8,2026-03-28,ORD0097292,OUT076,chilled,17,115.0,0.594
8,2026-03-28,ORD0097293,OUT077,ambient,12,88.5,0.504
8,2026-03-28,ORD0097294,OUT077,chilled,15,94.3,0.502
8,2026-03-28,ORD0097295,OUT078,ambient,24,141.2,0.741
8,2026-03-28,ORD0097296,OUT078,chilled,32,157.6,0.89
8,2026-03-28,ORD0097297,OUT079,ambient,17,120.6,0.587
8,2026-03-28,ORD0097298,OUT079,chilled,17,85.4,0.509
8,2026-03-28,ORD0097299,OUT080,ambient,16,129.8,0.716
8,2026-03-28,ORD0097300,OUT081,ambient,34,196.2,0.973
8,2026-03-28,ORD0097301,OUT081,chilled,24,164.6,0.963
8,2026-03-28,ORD0097302,OUT082,ambient,14,104.4,0.54
8,2026-03-28,ORD0097303,OUT083,ambient,21,111.5,0.634
8,2026-03-28,ORD0097304,OUT083,chilled,18,120.1,0.595
8,2026-03-28,ORD0097305,OUT084,ambient,38,225.3,1.306
8,2026-03-28,ORD0097306,OUT085,ambient,48,305.1,1.717
8,2026-03-28,ORD0097307,OUT086,ambient,49,333.3,1.877
8,2026-03-28,ORD0097308,OUT086,chilled,42,316.7,1.566
8,2026-03-28,ORD0097309,OUT087,ambient,46,298.8,1.613
8,2026-03-28,ORD0097310,OUT087,chilled,45,266.6,1.748
8,2026-03-28,ORD0097311,OUT096,ambient,30,220.6,1.086
8,2026-03-28,ORD0097312,OUT096,chilled,34,197.0,1.006
8,2026-03-28,ORD0097313,OUT097,ambient,71,473.8,2.606
8,2026-03-28,ORD0097314,OUT097,chilled,71,543.0,2.768
8,2026-03-28,ORD0097315,OUT098,ambient,52,370.5,2.031
8,2026-03-28,ORD0097316,OUT098,chilled,47,335.1,1.797
8,2026-03-28,ORD0097317,OUT099,ambient,55,464.1,2.243
8,2026-03-28,ORD0097318,OUT099,chilled,43,290.5,1.377
8,2026-03-28,ORD0097319,OUT100,ambient,77,517.9,2.865
8,2026-03-28,ORD0097320,OUT100,chilled,110,744.0,3.864
8,2026-03-28,ORD0097321,OUT101,ambient,47,287.3,1.736
8,2026-03-28,ORD0097322,OUT101,chilled,60,440.3,2.186
8,2026-03-28,ORD0097323,OUT103,ambient,3,814.5,2.383
8,2026-03-28,ORD0097324,OUT104,ambient,46,280.1,1.614
8,2026-03-28,ORD0097325,OUT104,chilled,43,286.0,1.504
8,2026-03-28,ORD0097326,OUT105,ambient,54,389.9,2.065
8,2026-03-28,ORD0097327,OUT105,chilled,24,177.7,0.977
8,2026-03-28,ORD0097328,OUT106,ambient,65,433.8,2.432
8,2026-03-28,ORD0097329,OUT106,chilled,54,430.2,2.186
8,2026-03-28,ORD0097330,OUT107,ambient,64,511.6,2.5
8,2026-03-28,ORD0097331,OUT108,ambient,65,420.7,2.206
8,2026-03-28,ORD0097332,OUT108,chilled,49,299.4,1.511
8,2026-03-28,ORD0097333,OUT109,ambient,35,451.7,8.095
8,2026-03-28,ORD0097334,OUT110,ambient,40,263.5,1.3
8,2026-03-28,ORD0097335,OUT110,chilled,49,225.0,1.385
8,2026-03-28,ORD0097336,OUT111,ambient,26,169.8,0.883
8,2026-03-28,ORD0097337,OUT112,ambient,67,521.5,2.596
8,2026-03-28,ORD0097338,OUT112,chilled,50,332.2,1.849
8,2026-03-28,ORD0097339,OUT113,ambient,94,571.3,3.393
8,2026-03-28,ORD0097340,OUT116,ambient,68,552.5,2.829
8,2026-03-28,ORD0097341,OUT117,ambient,99,794.6,3.856
8,2026-03-28,ORD0097342,OUT117,chilled,126,623.2,3.313
8,2026-03-28,ORD0097343,OUT118,ambient,134,665.7,4.131
8,2026-03-28,ORD0097344,OUT118,chilled,69,572.0,3.062
8,2026-03-28,ORD0097345,OUT119,ambient,51,349.6,1.889
