outlet_id,days_since_last_served,deferred_yesterday
OUT001,1,false
OUT002,1,false
OUT003,1,false
OUT004,1,true
OUT005,1,false
OUT006,1,false
OUT007,1,false
OUT008,1,true
OUT009,1,false
OUT010,1,false
OUT011,1,true
OUT012,1,true
OUT013,1,false
OUT014,1,false
OUT015,4,false
OUT016,4,false
OUT017,4,false
OUT018,4,false
OUT019,4,false
OUT020,4,false
OUT021,3,false
OUT022,6,false
OUT023,6,false
OUT024,12,false
OUT025,1,false
OUT026,1,false
OUT027,1,false
OUT028,1,false
OUT029,1,false
OUT030,1,false
OUT031,1,false
OUT032,1,false
OUT033,1,false
OUT034,1,false
OUT035,5,false
OUT036,5,false
OUT037,5,false
OUT038,2,false
OUT039,15,false
OUT040,1,false
OUT041,1,false
OUT042,1,false
OUT043,1,false
OUT044,1,false
OUT045,1,false
OUT046,1,false
OUT047,1,false
OUT048,1,false
OUT049,6,false
OUT050,1,false
OUT051,1,false
OUT052,1,false
OUT053,1,false
OUT054,1,false
OUT055,1,false
OUT056,3,false
OUT057,3,false
OUT058,8,false
OUT059,1,false
OUT060,1,false
OUT061,1,false
OUT062,1,false
OUT063,3,false
OUT064,18,false
OUT065,1,false
OUT066,1,false
OUT067,1,false
OUT068,1,false
OUT069,1,false
OUT070,3,false
OUT071,3,false
OUT072,2,false
OUT073,1,false
OUT074,1,false
OUT075,1,false
OUT076,1,false
OUT077,1,false
OUT078,1,false
OUT079,1,false
OUT080,1,false
OUT081,1,false
OUT082,1,false
OUT083,1,false
OUT084,1,false
OUT085,1,false
OUT086,1,false
OUT087,1,false
OUT088,4,false
OUT089,4,false
OUT090,4,false
OUT091,4,false
OUT092,4,false
OUT093,5,false
OUT094,4,false
OUT095,4,false
OUT096,1,false
OUT097,1,false
OUT098,1,false
OUT099,1,false
OUT100,1,false
OUT101,1,false
OUT102,1,false
OUT103,1,false
OUT104,1,false
OUT105,1,false
OUT106,1,false
OUT107,1,false
OUT108,1,false
OUT109,2,false
OUT110,1,false
OUT111,1,false
OUT112,1,false
OUT113,1,false
OUT114,1,false
OUT115,5,false
OUT116,1,false
OUT117,1,false
OUT118,1,false
OUT119,1,false
OUT120,5,false
