    vehicle_id,type,temp,weight_cap_kg,volume_cap_m3,fuel_type,km_per_l,weekly_fuel_quota_l,depot,weekly_range_km
VEH001,truck,reefer,5510,26.4,diesel,4.7,340,Peliyagoda,1598.0
VEH002,truck,reefer,3990,21.1,diesel,6.1,610,Peliyagoda,3721.0
VEH003,truck,reefer,5510,26.4,diesel,4.7,480,Peliyagoda,2256.0
VEH004,truck,reefer,6840,33.4,diesel,4.4,430,Peliyagoda,1892.0
VEH005,truck,reefer,6840,33.4,diesel,4.4,490,Peliyagoda,2156.0
VEH006,truck,reefer,6840,33.4,diesel,4.4,380,Peliyagoda,1672.0
VEH007,truck,reefer,3610,19.4,diesel,6.4,590,Peliyagoda,3776.0
VEH008,truck,ambient,3800,22.0,diesel,7.1,460,Peliyagoda,3266.0
VEH009,truck,ambient,5800,30.0,diesel,5.2,440,Peliyagoda,2288.0
VEH010,truck,ambient,6500,34.0,diesel,5.6,540,Peliyagoda,3024.0
VEH011,truck,ambient,7200,38.0,diesel,4.9,600,Peliyagoda,2940.0
VEH012,truck,ambient,4200,24.0,diesel,6.8,540,Peliyagoda,3672.0
VEH013,truck,ambient,5800,30.0,diesel,5.2,430,Peliyagoda,2236.0
VEH014,truck,ambient,7200,38.0,diesel,4.9,530,Peliyagoda,2597.0
VEH015,truck,ambient,3800,22.0,diesel,7.1,560,Peliyagoda,3976.0
VEH016,truck,ambient,3800,22.0,diesel,7.1,550,Peliyagoda,3905.0
VEH017,truck,ambient,3800,22.0,diesel,7.1,470,Peliyagoda,3337.0
VEH018,truck,ambient,3800,22.0,diesel,7.1,450,Peliyagoda,3195.0
VEH019,truck,ambient,7200,38.0,diesel,4.9,610,Peliyagoda,2989.0
VEH020,truck,ambient,6500,34.0,diesel,5.6,460,Peliyagoda,2576.0
VEH021,truck,ambient,4200,24.0,diesel,6.8,440,Peliyagoda,2992.0
VEH022,truck,ambient,4200,24.0,diesel,6.8,580,Peliyagoda,3944.0
VEH023,truck,ambient,7200,38.0,diesel,4.9,530,Peliyagoda,2597.0
VEH024,truck,ambient,6500,34.0,diesel,5.6,600,Peliyagoda,3360.0
VEH025,truck,ambient,3800,22.0,diesel,7.1,580,Peliyagoda,4118.0
VEH026,truck,ambient,7200,38.0,diesel,4.9,340,Peliyagoda,1666.0
VEH027,truck,ambient,3800,22.0,diesel,7.1,440,Peliyagoda,3124.0
VEH028,truck,ambient,4200,24.0,diesel,6.8,380,Peliyagoda,2584.0
VEH029,truck,ambient,5800,30.0,diesel,5.2,600,Peliyagoda,3120.0
VEH030,truck,ambient,6500,34.0,diesel,5.6,360,Peliyagoda,2016.0
VEH031,truck,ambient,7200,38.0,diesel,4.9,350,Peliyagoda,1715.0
VEH032,truck,ambient,4200,24.0,diesel,6.8,610,Peliyagoda,4148.0
VEH033,truck,ambient,7200,38.0,diesel,4.9,470,Peliyagoda,2303.0
VEH034,truck,ambient,3800,22.0,diesel,7.1,440,Peliyagoda,3124.0
VEH035,van,reefer,1040,7.0,diesel,10.3,480,Peliyagoda,4944.0
VEH036,van,reefer,1040,7.0,diesel,10.3,480,Peliyagoda,4944.0
VEH037,van,ambient,1100,8.0,diesel,11.5,340,Peliyagoda,3910.0
VEH038,van,ambient,1200,9.0,diesel,10.8,620,Peliyagoda,6696.0
VEH039,truck,reefer,6180,29.9,diesel,5.0,370,Kandy,1850.0
VEH040,truck,reefer,5510,26.4,diesel,4.7,380,Kandy,1786.0
VEH041,truck,reefer,3610,19.4,diesel,6.4,600,Kandy,3840.0
VEH042,truck,reefer,6180,29.9,diesel,5.0,480,Kandy,2400.0
VEH043,truck,reefer,5510,26.4,diesel,4.7,450,Kandy,2115.0
VEH044,truck,ambient,4200,24.0,diesel,6.8,340,Kandy,2312.0
VEH045,truck,ambient,4200,24.0,diesel,6.8,530,Kandy,3604.0
VEH046,truck,ambient,3800,22.0,diesel,7.1,350,Kandy,2485.0
VEH047,truck,ambient,5800,30.0,diesel,5.2,510,Kandy,2652.0
VEH048,truck,ambient,4200,24.0,diesel,6.8,570,Kandy,3876.0
VEH049,truck,ambient,4200,24.0,diesel,6.8,390,Kandy,2652.0
VEH050,truck,ambient,6500,34.0,diesel,5.6,560,Kandy,3136.0
VEH051,truck,ambient,7200,38.0,diesel,4.9,400,Kandy,1960.0
VEH052,truck,ambient,4200,24.0,diesel,6.8,570,Kandy,3876.0
VEH053,truck,ambient,6500,34.0,diesel,5.6,370,Kandy,2072.0
VEH054,truck,ambient,7200,38.0,diesel,4.9,520,Kandy,2548.0
VEH055,truck,ambient,4200,24.0,diesel,6.8,530,Kandy,3604.0
VEH056,truck,ambient,3800,22.0,diesel,7.1,610,Kandy,4331.0
VEH057,van,reefer,1040,7.0,diesel,10.3,450,Kandy,4635.0
VEH058,van,reefer,1040,7.0,diesel,10.3,550,Kandy,5665.0
VEH059,van,ambient,1200,9.0,diesel,10.8,610,Kandy,6588.0
VEH060,van,ambient,1200,9.0,diesel,10.8,520,Kandy,5616.0
