day,vehicle_id,trip_number,sequence,outlet_id,temperature,weight_kg,volume_m3
1,VEH001,1,1,OUT055,chilled,274.7,1.445
1,VEH001,1,2,OUT051,chilled,102.3,0.565
1,VEH001,1,3,OUT050,chilled,439.6,2.185
1,VEH001,1,4,OUT052,chilled,328.4,1.743
1,VEH002,1,1,OUT059,chilled,340,1.79
1,VEH002,1,2,OUT061,chilled,239,1.199
1,VEH002,1,3,OUT060,chilled,343.1,1.664
1,VEH002,1,4,OUT062,chilled,230.5,1.278
1,VEH003,1,1,OUT065,chilled,493.9,2.866
1,VEH003,1,2,OUT069,chilled,175.8,1.02
1,VEH004,1,1,OUT031,chilled,864.3,4.422
1,VEH004,1,2,OUT026,chilled,168.2,0.894
1,VEH004,1,3,OUT028,chilled,327.3,1.67
1,VEH004,1,4,OUT025,chilled,121.5,0.653
1,VEH004,1,5,OUT034,chilled,376.5,2.242
1,VEH004,1,6,OUT030,chilled,293.8,1.69
1,VEH004,1,7,OUT029,chilled,340.2,1.701
1,VEH004,1,8,OUT032,chilled,532.7,3.017
1,VEH004,1,9,OUT027,chilled,227.2,1.075
1,VEH005,1,1,OUT045,chilled,229.2,1.296
1,VEH005,1,2,OUT044,chilled,155.7,0.887
1,VEH005,1,3,OUT042,chilled,601.7,2.892
1,VEH005,1,4,OUT040,chilled,329,1.751
1,VEH005,1,5,OUT046,chilled,215.9,1.143
1,VEH005,1,6,OUT043,chilled,182.5,0.962
1,VEH005,1,7,OUT041,chilled,195.8,1.164
1,VEH007,1,1,OUT073,chilled,282.3,1.507
1,VEH007,1,2,OUT075,chilled,167.5,0.983
1,VEH008,1,1,OUT027,ambient,287.4,1.552
1,VEH008,1,2,OUT029,ambient,286.1,1.475
1,VEH008,1,3,OUT033,ambient,458.5,2.349
1,VEH008,1,4,OUT026,ambient,250.2,1.38
1,VEH008,1,5,OUT031,ambient,1004.1,5.058
1,VEH008,1,6,OUT034,ambient,347.8,1.922
1,VEH008,1,7,OUT025,ambient,202.7,1.113
1,VEH015,1,1,OUT062,ambient,468.5,2.388
1,VEH015,1,2,OUT060,ambient,314.6,1.683
1,VEH015,1,3,OUT059,ambient,326.7,1.763
1,VEH015,1,4,OUT061,ambient,318.9,1.702
1,VEH016,1,1,OUT054,ambient,389.9,2.16
1,VEH016,1,2,OUT051,ambient,182.5,1.005
1,VEH016,1,3,OUT050,ambient,327.9,1.802
1,VEH016,1,4,OUT053,ambient,156.2,0.882
1,VEH016,1,5,OUT052,ambient,331.4,1.995
1,VEH016,1,6,OUT055,ambient,338.2,1.736
1,VEH017,1,1,OUT065,ambient,391.4,2.207
1,VEH018,1,1,OUT045,ambient,210.6,1.054
1,VEH018,1,2,OUT042,ambient,949.8,5.128
1,VEH018,1,3,OUT046,ambient,215.1,1.215
1,VEH018,1,4,OUT040,ambient,468.7,2.392
1,VEH018,1,5,OUT041,ambient,265.5,1.515
1,VEH018,1,6,OUT043,ambient,119,0.759
1,VEH018,1,7,OUT044,ambient,272.4,1.334
1,VEH018,2,1,OUT021,ambient,1804.6,6.135
1,VEH018,2,2,OUT024,ambient,516.1,1.937
1,VEH025,1,1,OUT006,ambient,429.3,2.356
1,VEH025,1,2,OUT005,ambient,324.5,1.865
1,VEH025,1,3,OUT012,ambient,291.3,1.71
1,VEH025,1,4,OUT008,ambient,239.6,1.248
1,VEH025,1,5,OUT013,ambient,816.8,3.924
1,VEH025,1,6,OUT011,ambient,325.6,1.878
1,VEH025,1,7,OUT010,ambient,310.5,1.72
1,VEH025,1,8,OUT014,ambient,218.9,1.092
1,VEH025,1,9,OUT004,ambient,193.9,1.021
1,VEH027,1,1,OUT067,ambient,272.3,1.391
1,VEH027,1,2,OUT068,ambient,308.9,1.5
1,VEH027,1,3,OUT066,ambient,284.9,1.765
1,VEH027,1,4,OUT069,ambient,288.5,1.733
1,VEH035,1,1,OUT011,chilled,238.1,1.337
1,VEH035,1,2,OUT006,chilled,431,2.543
1,VEH035,1,3,OUT008,chilled,176.2,0.968
1,VEH035,1,4,OUT001,chilled,118.6,0.686
1,VEH035,2,1,OUT010,chilled,257.3,1.381
1,VEH035,2,2,OUT002,chilled,99.7,0.479
1,VEH035,2,3,OUT012,chilled,188.3,1.09
1,VEH035,2,4,OUT009,chilled,300.1,1.573
1,VEH036,1,1,OUT067,chilled,366.8,1.935
1,VEH036,1,2,OUT066,chilled,269.7,1.542
1,VEH036,1,3,OUT068,chilled,368.3,2.158
1,VEH037,1,1,OUT074,ambient,316.1,1.664
1,VEH037,1,2,OUT075,ambient,233.3,1.142
1,VEH037,1,3,OUT073,ambient,316.6,1.583
1,VEH037,2,1,OUT064,ambient,402,1.186
1,VEH038,1,1,OUT032,ambient,469.9,2.631
1,VEH038,1,2,OUT030,ambient,256.9,1.418
1,VEH038,1,3,OUT028,ambient,331.3,1.866
1,VEH038,2,1,OUT001,ambient,75.1,0.384
1,VEH038,2,2,OUT003,ambient,82.9,0.467
1,VEH038,2,3,OUT009,ambient,258.3,1.415
1,VEH038,2,4,OUT002,ambient,80,0.447
1,VEH038,2,5,OUT007,ambient,449,2.777
1,VEH041,1,1,OUT106,chilled,170,1.059
1,VEH041,1,2,OUT105,chilled,192.2,1.025
1,VEH041,1,3,OUT108,chilled,168.2,0.966
1,VEH041,1,4,OUT107,chilled,285.1,1.491
1,VEH041,1,5,OUT104,chilled,249.3,1.239
1,VEH042,1,1,OUT098,chilled,343.6,1.921
1,VEH042,1,2,OUT097,chilled,483.8,2.701
1,VEH042,1,3,OUT099,chilled,291.3,1.486
1,VEH042,1,4,OUT100,chilled,364,2.324
1,VEH042,2,1,OUT084,chilled,204.6,1.232
1,VEH042,2,2,OUT085,chilled,425.1,2.397
1,VEH046,1,1,OUT105,ambient,197.6,1.147
1,VEH046,1,2,OUT104,ambient,255.6,1.357
1,VEH046,1,3,OUT108,ambient,433.7,2.077
1,VEH046,1,4,OUT107,ambient,334.2,1.798
1,VEH046,1,5,OUT106,ambient,344.3,1.748
1,VEH048,1,1,OUT118,ambient,705.4,3.858
1,VEH048,1,2,OUT117,ambient,573,3.133
1,VEH048,1,3,OUT119,ambient,211.4,1.164
1,VEH048,1,4,OUT116,ambient,337.8,1.815
1,VEH052,1,1,OUT087,ambient,250.5,1.359
1,VEH052,1,2,OUT086,ambient,252.1,1.177
1,VEH052,1,3,OUT085,ambient,429.9,2.146
1,VEH052,1,4,OUT084,ambient,272,1.456
1,VEH052,2,1,OUT097,ambient,409.8,2.258
1,VEH052,2,2,OUT100,ambient,491.7,2.366
1,VEH052,2,3,OUT101,ambient,329.8,2.127
1,VEH052,2,4,OUT098,ambient,353.3,1.753
1,VEH056,1,1,OUT111,ambient,166.2,0.856
1,VEH056,1,2,OUT112,ambient,398,2.319
1,VEH057,1,1,OUT113,chilled,294.5,1.743
1,VEH057,1,2,OUT112,chilled,292.3,1.675
1,VEH058,1,1,OUT083,chilled,116,0.629
1,VEH058,1,2,OUT079,chilled,92.6,0.509
1,VEH058,1,3,OUT081,chilled,185.3,1.01
1,VEH058,1,4,OUT078,chilled,135.4,0.648
1,VEH058,1,5,OUT080,chilled,129.1,0.661
1,VEH058,1,6,OUT086,chilled,301.2,1.647
1,VEH058,2,1,OUT116,chilled,247.5,1.414
1,VEH059,1,1,OUT082,ambient,132.8,0.852
1,VEH059,1,2,OUT079,ambient,95.7,0.544
1,VEH059,1,3,OUT076,ambient,156.9,0.744
1,VEH059,1,4,OUT078,ambient,161,0.807
1,VEH059,1,5,OUT081,ambient,123.6,0.713
1,VEH059,1,6,OUT080,ambient,93.5,0.507
1,VEH059,1,7,OUT083,ambient,93.3,0.566
1,VEH059,1,8,OUT077,ambient,100.3,0.48
1,VEH059,2,1,OUT099,ambient,343.2,1.859
1,VEH059,2,2,OUT096,ambient,171.1,0.91
1,VEH060,1,1,OUT113,ambient,489.2,2.324
1,VEH060,1,2,OUT110,ambient,305,1.761
2,VEH001,1,1,OUT032,chilled,771.1,3.951
2,VEH001,1,2,OUT028,chilled,289,1.415
2,VEH001,1,3,OUT031,chilled,755.8,3.844
2,VEH001,1,4,OUT025,chilled,128.2,0.664
2,VEH001,1,5,OUT033,chilled,326.2,1.765
2,VEH001,2,1,OUT013,chilled,391.5,1.876
2,VEH001,2,2,OUT005,chilled,370.1,1.98
2,VEH001,2,3,OUT012,chilled,259.7,1.197
2,VEH002,1,1,OUT067,chilled,273.8,1.558
2,VEH002,1,2,OUT069,chilled,241.5,1.166
2,VEH002,1,3,OUT068,chilled,197.9,1.13
2,VEH003,1,1,OUT042,chilled,605,3.212
2,VEH003,1,2,OUT040,chilled,499.4,2.799
2,VEH003,1,3,OUT041,chilled,237.6,1.318
2,VEH003,2,1,OUT004,chilled,111.6,0.633
2,VEH003,2,2,OUT007,chilled,349.3,1.877
2,VEH003,2,3,OUT014,chilled,280.8,1.499
2,VEH007,1,1,OUT054,chilled,632.7,3.46
2,VEH007,1,2,OUT055,chilled,278.5,1.57
2,VEH007,1,3,OUT052,chilled,379.6,2.079
2,VEH007,1,4,OUT051,chilled,162.2,0.828
2,VEH007,1,5,OUT050,chilled,312.8,1.737
2,VEH007,1,6,OUT053,chilled,186.7,1.001
2,VEH008,1,1,OUT031,ambient,1146.9,5.913
2,VEH008,1,2,OUT028,ambient,308.1,1.893
2,VEH008,1,3,OUT026,ambient,263.5,1.634
2,VEH008,1,4,OUT032,ambient,613.4,3.605
2,VEH008,1,5,OUT029,ambient,287.7,1.687
2,VEH008,1,6,OUT027,ambient,322.4,1.935
2,VEH008,1,7,OUT030,ambient,378.3,2.017
2,VEH015,1,1,OUT034,ambient,350.6,1.789
2,VEH015,1,2,OUT033,ambient,278.6,1.476
2,VEH015,1,3,OUT025,ambient,171.6,0.988
2,VEH015,2,1,OUT014,ambient,215.7,1.133
2,VEH015,2,2,OUT005,ambient,438.2,2.294
2,VEH016,1,1,OUT053,ambient,135.8,0.648
2,VEH016,1,2,OUT050,ambient,267.6,1.484
2,VEH016,1,3,OUT055,ambient,356.9,2.031
2,VEH016,1,4,OUT052,ambient,450.2,2.364
2,VEH016,1,5,OUT054,ambient,597.8,3.181
2,VEH016,1,6,OUT051,ambient,197.6,1.048
2,VEH016,2,1,OUT035,ambient,749.2,13.233
2,VEH017,1,1,OUT007,ambient,680.9,3.47
2,VEH017,1,2,OUT013,ambient,947.1,4.618
2,VEH017,1,3,OUT010,ambient,346.4,1.749
2,VEH017,1,4,OUT004,ambient,169,1.013
2,VEH017,1,5,OUT008,ambient,271.9,1.578
2,VEH017,1,6,OUT006,ambient,649.2,3.286
2,VEH017,1,7,OUT012,ambient,337.2,1.562
2,VEH018,1,1,OUT046,ambient,206.4,1.168
2,VEH018,1,2,OUT041,ambient,215,1.205
2,VEH018,1,3,OUT040,ambient,355.9,2.241
2,VEH018,1,4,OUT043,ambient,161.9,0.972
2,VEH018,1,5,OUT042,ambient,941.4,4.407
2,VEH018,1,6,OUT044,ambient,252.7,1.343
2,VEH018,1,7,OUT045,ambient,218,1.185
2,VEH018,2,1,OUT036,ambient,787.4,11.06
2,VEH018,2,2,OUT037,ambient,233.6,3.873
2,VEH025,1,1,OUT061,ambient,278.2,1.484
2,VEH025,1,2,OUT060,ambient,315.5,1.837
2,VEH025,1,3,OUT062,ambient,408.5,1.834
2,VEH025,1,4,OUT059,ambient,472.5,2.381
2,VEH027,1,1,OUT065,ambient,491.1,2.675
2,VEH027,1,2,OUT069,ambient,326.2,1.644
2,VEH035,1,1,OUT011,ambient,343.8,1.937
2,VEH035,1,2,OUT009,ambient,250.1,1.334
2,VEH035,1,3,OUT003,ambient,95.7,0.529
2,VEH035,1,4,OUT002,ambient,102.4,0.617
2,VEH035,1,5,OUT001,ambient,85,0.484
2,VEH035,2,1,OUT003,chilled,77.2,0.394
2,VEH035,2,2,OUT001,chilled,103.9,0.574
2,VEH035,2,3,OUT011,chilled,239.3,1.187
2,VEH036,1,1,OUT075,chilled,155,0.951
2,VEH036,1,2,OUT073,chilled,413.7,2.453
2,VEH037,1,1,OUT074,ambient,357.5,1.939
2,VEH037,1,2,OUT075,ambient,172.6,0.951
2,VEH037,1,3,OUT073,ambient,385,2.135
2,VEH037,2,1,OUT049,ambient,878.7,2.874
2,VEH038,1,1,OUT067,ambient,290.5,1.449
2,VEH038,1,2,OUT066,ambient,321.2,1.793
2,VEH038,1,3,OUT068,ambient,325.2,1.765
2,VEH039,1,1,OUT107,chilled,306.7,1.509
2,VEH039,1,2,OUT106,chilled,293.5,1.51
2,VEH039,1,3,OUT105,chilled,200.9,1.064
2,VEH039,1,4,OUT104,chilled,319.5,1.59
2,VEH041,1,1,OUT113,chilled,342.3,1.641
2,VEH041,1,2,OUT110,chilled,169,1.023
2,VEH042,1,1,OUT097,chilled,401.1,2.326
2,VEH042,1,2,OUT100,chilled,528.9,2.857
2,VEH042,1,3,OUT099,chilled,197.9,1.161
2,VEH042,1,4,OUT101,chilled,334.6,1.77
2,VEH043,1,1,OUT119,chilled,294,1.603
2,VEH043,1,2,OUT117,chilled,429.1,2.468
2,VEH043,1,3,OUT116,chilled,206.2,1.135
2,VEH045,1,1,OUT117,ambient,511.2,2.718
2,VEH045,1,2,OUT119,ambient,333.1,1.79
2,VEH045,1,3,OUT116,ambient,461,2.26
2,VEH045,1,4,OUT118,ambient,523.4,2.891
2,VEH046,1,1,OUT111,ambient,133.4,0.759
2,VEH046,1,2,OUT110,ambient,282.3,1.526
2,VEH046,2,1,OUT120,ambient,874,14.29
2,VEH048,1,1,OUT097,ambient,287.4,1.653
2,VEH048,1,2,OUT100,ambient,530.6,2.725
2,VEH048,1,3,OUT099,ambient,324.4,1.84
2,VEH048,1,4,OUT096,ambient,193.2,1.08
2,VEH048,1,5,OUT098,ambient,420.4,2.347
2,VEH048,1,6,OUT101,ambient,408.7,2.11
2,VEH048,2,1,OUT085,ambient,274.4,1.405
2,VEH056,1,1,OUT104,ambient,310.3,1.691
2,VEH056,1,2,OUT106,ambient,216.4,1.272
2,VEH056,1,3,OUT105,ambient,277.1,1.29
2,VEH056,1,4,OUT107,ambient,336.2,1.894
2,VEH056,1,5,OUT108,ambient,321.1,1.568
2,VEH057,1,1,OUT111,chilled,131.3,0.671
2,VEH057,1,2,OUT112,chilled,419.7,2.183
2,VEH058,1,1,OUT081,chilled,107.4,0.608
2,VEH058,1,2,OUT087,chilled,237.9,1.281
2,VEH058,1,3,OUT082,chilled,103.5,0.452
2,VEH058,1,4,OUT080,chilled,125.7,0.673
2,VEH058,1,5,OUT076,chilled,112.1,0.617
2,VEH058,1,6,OUT083,chilled,94.3,0.49
2,VEH058,2,1,OUT084,chilled,267.2,1.308
2,VEH058,2,2,OUT085,chilled,522.9,2.682
2,VEH059,1,1,OUT078,ambient,137.9,0.754
2,VEH059,1,2,OUT083,ambient,90.3,0.468
2,VEH059,1,3,OUT079,ambient,119.6,0.604
2,VEH059,1,4,OUT077,ambient,95.1,0.522
2,VEH059,1,5,OUT082,ambient,185.3,1.012
2,VEH059,1,6,OUT081,ambient,158.7,0.789
2,VEH059,1,7,OUT076,ambient,143.7,0.816
2,VEH059,1,8,OUT080,ambient,122.3,0.648
2,VEH059,2,1,OUT084,ambient,237,1.137
2,VEH059,2,2,OUT087,ambient,223.9,1.246
2,VEH059,2,3,OUT086,ambient,294.1,1.459
2,VEH060,1,1,OUT112,ambient,495.6,2.63
2,VEH060,1,2,OUT113,ambient,546.4,2.763
3,VEH001,1,1,OUT050,chilled,381.7,1.958
3,VEH001,1,2,OUT054,chilled,591.2,2.905
3,VEH001,1,3,OUT052,chilled,339.7,1.683
3,VEH001,1,4,OUT055,chilled,334.2,1.805
3,VEH001,1,5,OUT051,chilled,105,0.594
3,VEH001,1,6,OUT053,chilled,155.8,0.931
3,VEH002,1,1,OUT066,chilled,418.5,2.243
3,VEH002,1,2,OUT067,chilled,204.4,1.295
3,VEH002,1,3,OUT065,chilled,640.6,3.483
3,VEH003,1,1,OUT008,chilled,279.7,1.408
3,VEH003,1,2,OUT010,chilled,339.1,1.866
3,VEH003,1,3,OUT005,chilled,343.6,1.879
3,VEH003,1,4,OUT013,chilled,481.9,2.646
3,VEH003,1,5,OUT006,chilled,637.5,3.419
3,VEH003,1,6,OUT014,chilled,327.7,1.729
3,VEH004,1,1,OUT042,chilled,652.6,3.613
3,VEH004,1,2,OUT043,chilled,206.7,1.174
3,VEH004,1,3,OUT041,chilled,297.5,1.483
3,VEH004,1,4,OUT046,chilled,215.6,1.201
3,VEH004,1,5,OUT045,chilled,236.4,1.29
3,VEH005,1,1,OUT025,chilled,126.2,0.797
3,VEH005,1,2,OUT026,chilled,213.7,1.155
3,VEH005,1,3,OUT030,chilled,371.9,2.117
3,VEH005,1,4,OUT034,chilled,446.3,2.472
3,VEH005,1,5,OUT027,chilled,234,1.222
3,VEH005,1,6,OUT033,chilled,540.8,3.087
3,VEH007,1,1,OUT061,chilled,236.6,1.345
3,VEH007,1,2,OUT059,chilled,480.8,2.554
3,VEH007,1,3,OUT062,chilled,285.5,1.594
3,VEH007,1,4,OUT060,chilled,402.7,2.232
3,VEH008,1,1,OUT025,ambient,202.4,1.153
3,VEH008,1,2,OUT029,ambient,389.7,2.109
3,VEH008,1,3,OUT031,ambient,719.9,3.894
3,VEH008,1,4,OUT028,ambient,486.2,2.58
3,VEH008,1,5,OUT034,ambient,309.2,1.812
3,VEH008,1,6,OUT032,ambient,758.4,3.93
3,VEH008,1,7,OUT033,ambient,354.3,2.229
3,VEH015,1,1,OUT073,ambient,370.4,1.967
3,VEH015,1,2,OUT075,ambient,181.4,1.02
3,VEH015,1,3,OUT074,ambient,400.2,2.084
3,VEH015,2,1,OUT019,ambient,518.6,8.229
3,VEH015,2,2,OUT017,ambient,778.8,12.017
3,VEH016,1,1,OUT052,ambient,383.1,2.138
3,VEH016,1,2,OUT054,ambient,710,3.983
3,VEH016,1,3,OUT055,ambient,294.1,1.548
3,VEH016,1,4,OUT051,ambient,231.9,1.235
3,VEH016,1,5,OUT050,ambient,268.8,1.456
3,VEH016,1,6,OUT053,ambient,137.8,0.809
3,VEH017,1,1,OUT069,ambient,349.7,1.837
3,VEH017,1,2,OUT065,ambient,557.1,3.015
3,VEH018,1,1,OUT045,ambient,251.5,1.222
3,VEH018,1,2,OUT046,ambient,299.9,1.606
3,VEH018,1,3,OUT040,ambient,576.8,3.035
3,VEH018,1,4,OUT041,ambient,277.9,1.56
3,VEH018,1,5,OUT044,ambient,307.1,1.795
3,VEH018,1,6,OUT043,ambient,209.7,1.04
3,VEH018,1,7,OUT042,ambient,916.2,4.884
3,VEH018,2,1,OUT020,ambient,759.8,14.587
3,VEH018,2,2,OUT016,ambient,372,5.949
3,VEH025,1,1,OUT059,ambient,289.5,1.663
3,VEH025,1,2,OUT060,ambient,316.8,1.545
3,VEH025,1,3,OUT062,ambient,388.7,2.247
3,VEH025,1,4,OUT061,ambient,362.8,2.107
3,VEH027,1,1,OUT013,ambient,808.1,4.28
3,VEH027,1,2,OUT011,ambient,309.8,1.725
3,VEH027,1,3,OUT006,ambient,546.9,2.819
3,VEH027,1,4,OUT007,ambient,741.7,4.008
3,VEH027,1,5,OUT014,ambient,306,1.545
3,VEH027,1,6,OUT009,ambient,350,1.826
3,VEH027,1,7,OUT012,ambient,246,1.539
3,VEH035,1,1,OUT011,chilled,212.3,1.14
3,VEH035,1,2,OUT009,chilled,237,1.406
3,VEH035,1,3,OUT001,chilled,135,0.698
3,VEH035,1,4,OUT004,chilled,158.3,0.824
3,VEH035,1,5,OUT003,chilled,62.6,0.347
3,VEH035,1,6,OUT002,chilled,94.9,0.52
3,VEH035,2,1,OUT010,ambient,381.6,2.134
3,VEH035,2,2,OUT005,ambient,385,2.2
3,VEH036,1,1,OUT073,chilled,393,2.053
3,VEH036,1,2,OUT074,chilled,326.1,1.888
3,VEH036,2,1,OUT018,ambient,466.1,6.889
3,VEH037,1,1,OUT030,ambient,405.2,1.977
3,VEH037,1,2,OUT026,ambient,250.3,1.313
3,VEH037,1,3,OUT027,ambient,418.9,2.086
3,VEH037,2,1,OUT003,ambient,76.8,0.479
3,VEH037,2,2,OUT008,ambient,377.4,2.002
3,VEH037,2,3,OUT002,ambient,120.5,0.65
3,VEH037,2,4,OUT001,ambient,70,0.429
3,VEH037,2,5,OUT004,ambient,225.8,1.096
3,VEH038,1,1,OUT067,ambient,324.9,1.714
3,VEH038,1,2,OUT066,ambient,384.4,1.832
3,VEH038,1,3,OUT068,ambient,404.6,1.957
3,VEH038,2,1,OUT015,ambient,531.2,8.157
3,VEH039,1,1,OUT118,chilled,569,3.174
3,VEH039,1,2,OUT117,chilled,528.7,2.766
3,VEH039,1,3,OUT119,chilled,343.3,1.746
3,VEH039,2,1,OUT100,chilled,510.2,2.833
3,VEH039,2,2,OUT097,chilled,552.9,2.975
3,VEH039,2,3,OUT096,chilled,128.7,0.713
3,VEH041,1,1,OUT113,chilled,238.3,1.299
3,VEH042,1,1,OUT107,chilled,328.7,1.673
3,VEH042,1,2,OUT106,chilled,231,1.317
3,VEH042,1,3,OUT108,chilled,319.6,1.607
3,VEH046,1,1,OUT104,ambient,359,2.066
3,VEH046,1,2,OUT105,ambient,316.3,1.684
3,VEH046,1,3,OUT107,ambient,516.2,2.778
3,VEH046,1,4,OUT106,ambient,368.6,1.939
3,VEH046,1,5,OUT108,ambient,319.8,1.876
3,VEH046,2,1,OUT095,ambient,1659.3,5.256
3,VEH048,1,1,OUT119,ambient,368,1.885
3,VEH048,1,2,OUT116,ambient,444.2,2.217
3,VEH048,1,3,OUT118,ambient,702.2,3.485
3,VEH048,1,4,OUT117,ambient,486.7,2.751
3,VEH048,2,1,OUT090,ambient,528,7.798
3,VEH052,1,1,OUT097,ambient,407.5,2.521
3,VEH052,1,2,OUT099,ambient,442.6,2.351
3,VEH052,1,3,OUT096,ambient,166.6,0.987
3,VEH052,1,4,OUT098,ambient,514.4,2.472
3,VEH052,1,5,OUT101,ambient,403.6,2.161
3,VEH052,1,6,OUT100,ambient,485.3,2.768
3,VEH052,2,1,OUT087,ambient,384.8,2.229
3,VEH056,1,1,OUT113,ambient,402.8,2.192
3,VEH056,1,2,OUT112,ambient,527.7,2.961
3,VEH056,2,1,OUT092,ambient,559.8,8.059
3,VEH056,2,2,OUT091,ambient,765.6,11.256
3,VEH057,1,1,OUT111,chilled,130,0.682
3,VEH057,1,2,OUT110,chilled,171.4,1.012
3,VEH058,1,1,OUT079,chilled,108.4,0.617
3,VEH058,1,2,OUT077,chilled,104.9,0.571
3,VEH058,1,3,OUT081,chilled,164,0.786
3,VEH058,1,4,OUT076,chilled,121.1,0.716
3,VEH058,1,5,OUT080,chilled,102.7,0.582
3,VEH058,1,6,OUT078,chilled,169.9,0.993
3,VEH058,1,7,OUT087,chilled,199.1,1.093
3,VEH058,2,1,OUT082,chilled,71,0.396
3,VEH058,2,2,OUT084,chilled,314,1.554
3,VEH059,1,1,OUT078,ambient,125.6,0.724
3,VEH059,1,2,OUT079,ambient,107.8,0.538
3,VEH059,1,3,OUT076,ambient,206.3,1.142
3,VEH059,1,4,OUT077,ambient,133.5,0.659
3,VEH059,1,5,OUT083,ambient,66.3,0.362
3,VEH059,1,6,OUT082,ambient,118.5,0.633
3,VEH059,1,7,OUT080,ambient,105.9,0.621
3,VEH059,1,8,OUT081,ambient,138.2,0.711
3,VEH059,2,1,OUT085,ambient,474.8,2.22
3,VEH059,2,2,OUT084,ambient,296,1.583
3,VEH059,2,3,OUT086,ambient,215.1,1.345
3,VEH060,1,1,OUT111,ambient,203,1.081
3,VEH060,1,2,OUT110,ambient,275,1.533
3,VEH060,2,1,OUT089,ambient,312.5,5.526
3,VEH060,2,2,OUT088,ambient,128.5,2.016
