vehicle_id,depot,username,full_name,pin
VEH001,Peliyagoda,driver_veh001,Chamara Weerasinghe,1001
VEH002,Peliyagoda,driver_veh002,Tharindu Herath,1002
VEH003,Peliyagoda,driver_veh003,Sunil Jayasuriya,1003
VEH004,Peliyagoda,driver_veh004,Lasith Liyanage,1004
VEH005,Peliyagoda,driver_veh005,Isuru Kumara,1005
VEH006,Peliyagoda,driver_veh006,Kamal Rathnayake,1006
VEH007,Peliyagoda,driver_veh007,Dinesh Fernando,1007
VEH008,Peliyagoda,driver_veh008,Kasun Abeysekera,1008
VEH009,Peliyagoda,driver_veh009,Ajith Dissanayake,1009
VEH010,Peliyagoda,driver_veh010,Mahesh Wijesinghe,1010
VEH011,Peliyagoda,driver_veh011,Lahiru Silva,1011
VEH012,Peliyagoda,driver_veh012,Pradeep Senanayake,1012
VEH013,Peliyagoda,driver_veh013,Asanka Gunawardena,1013
VEH014,Peliyagoda,driver_veh014,Janaka Bandara,1014
VEH015,Peliyagoda,driver_veh015,Ruwan Perera,1015
VEH016,Peliyagoda,driver_veh016,Nuwan Weerasinghe,1016
VEH017,Peliyagoda,driver_veh017,Roshan Herath,1017
VEH018,Peliyagoda,driver_veh018,Saman Jayasuriya,1018
VEH019,Peliyagoda,driver_veh019,Gayan Liyanage,1019
VEH020,Peliyagoda,driver_veh020,Nimal Kumara,1020
VEH021,Peliyagoda,driver_veh021,Chamara Rathnayake,1021
VEH022,Peliyagoda,driver_veh022,Tharindu Fernando,1022
VEH023,Peliyagoda,driver_veh023,Sunil Abeysekera,1023
VEH024,Peliyagoda,driver_veh024,Lasith Dissanayake,1024
VEH025,Peliyagoda,driver_veh025,Isuru Wijesinghe,1025
VEH026,Peliyagoda,driver_veh026,Kamal Silva,1026
VEH027,Peliyagoda,driver_veh027,Dinesh Senanayake,1027
VEH028,Peliyagoda,driver_veh028,Kasun Gunawardena,1028
VEH029,Peliyagoda,driver_veh029,Ajith Bandara,1029
VEH030,Peliyagoda,driver_veh030,Mahesh Perera,1030
VEH031,Peliyagoda,driver_veh031,Lahiru Weerasinghe,1031
VEH032,Peliyagoda,driver_veh032,Pradeep Herath,1032
VEH033,Peliyagoda,driver_veh033,Asanka Jayasuriya,1033
VEH034,Peliyagoda,driver_veh034,Janaka Liyanage,1034
VEH035,Peliyagoda,driver_veh035,Ruwan Kumara,1035
VEH036,Peliyagoda,driver_veh036,Nuwan Rathnayake,1036
VEH037,Peliyagoda,driver_veh037,Roshan Fernando,1037
VEH038,Peliyagoda,driver_veh038,Saman Abeysekera,1038
VEH039,Kandy,driver_veh039,Gayan Dissanayake,1039
VEH040,Kandy,driver_veh040,Nimal Wijesinghe,1040
VEH041,Kandy,driver_veh041,Chamara Silva,1041
VEH042,Kandy,driver_veh042,Tharindu Senanayake,1042
VEH043,Kandy,driver_veh043,Sunil Gunawardena,1043
VEH044,Kandy,driver_veh044,Lasith Bandara,1044
VEH045,Kandy,driver_veh045,Isuru Perera,1045
VEH046,Kandy,driver_veh046,Kamal Weerasinghe,1046
VEH047,Kandy,driver_veh047,Dinesh Herath,1047
VEH048,Kandy,driver_veh048,Kasun Jayasuriya,1048
VEH049,Kandy,driver_veh049,Ajith Liyanage,1049
VEH050,Kandy,driver_veh050,Mahesh Kumara,1050
VEH051,Kandy,driver_veh051,Lahiru Rathnayake,1051
VEH052,Kandy,driver_veh052,Pradeep Fernando,1052
VEH053,Kandy,driver_veh053,Asanka Abeysekera,1053
VEH054,Kandy,driver_veh054,Janaka Dissanayake,1054
VEH055,Kandy,driver_veh055,Ruwan Wijesinghe,1055
VEH056,Kandy,driver_veh056,Nuwan Silva,1056
VEH057,Kandy,driver_veh057,Roshan Senanayake,1057
VEH058,Kandy,driver_veh058,Saman Gunawardena,1058
VEH059,Kandy,driver_veh059,Gayan Bandara,1059
VEH060,Kandy,driver_veh060,Nimal Perera,1060
