outlet_id,username,full_name,email,phone
OUT001,manager_out001,Nimal Fernando,manager.out001@waypath.example,+94 71 000 0001
OUT002,manager_out002,Rajitha Herath,manager.out002@waypath.example,+94 71 000 0002
OUT003,manager_out003,Sanduni Jayawardena,manager.out003@waypath.example,+94 71 000 0003
OUT004,manager_out004,Lasith Liyanage,manager.out004@waypath.example,+94 71 000 0004
OUT005,manager_out005,Sachini Kumari,manager.out005@waypath.example,+94 71 000 0005
OUT006,manager_out006,Kamal Ratnayake,manager.out006@waypath.example,+94 71 000 0006
OUT007,manager_out007,Imesha Silva,manager.out007@waypath.example,+94 71 000 0007
OUT008,manager_out008,Buddhika Abeywickrama,manager.out008@waypath.example,+94 71 000 0008
OUT009,manager_out009,Dilini Dissanayake,manager.out009@waypath.example,+94 71 000 0009
OUT010,manager_out010,Mahesh Wickramasinghe,manager.out010@waypath.example,+94 71 000 0010
OUT011,manager_out011,Madhavi Perera,manager.out011@waypath.example,+94 71 000 0011
OUT012,manager_out012,Pradeep Samarasinghe,manager.out012@waypath.example,+94 71 000 0012
OUT013,manager_out013,Tharushi Gunathilaka,manager.out013@waypath.example,+94 71 000 0013
OUT014,manager_out014,Janaka Bandara,manager.out014@waypath.example,+94 71 000 0014
OUT015,manager_out015,Ayesha Fernando,manager.out015@waypath.example,+94 71 000 0015
OUT016,manager_out016,Chathura Weerakoon,manager.out016@waypath.example,+94 71 000 0016
OUT017,manager_out017,Kavindi Herath,manager.out017@waypath.example,+94 71 000 0017
OUT018,manager_out018,Saman Jayawardena,manager.out018@waypath.example,+94 71 000 0018
OUT019,manager_out019,Hiruni Liyanage,manager.out019@waypath.example,+94 71 000 0019
OUT020,manager_out020,Nimal Kumari,manager.out020@waypath.example,+94 71 000 0020
OUT021,manager_out021,Nadeesha Ratnayake,manager.out021@waypath.example,+94 71 000 0021
OUT022,manager_out022,Rajitha Silva,manager.out022@waypath.example,+94 71 000 0022
OUT023,manager_out023,Sanduni Abeywickrama,manager.out023@waypath.example,+94 71 000 0023
OUT024,manager_out024,Lasith Dissanayake,manager.out024@waypath.example,+94 71 000 0024
OUT025,manager_out025,Sachini Wickramasinghe,manager.out025@waypath.example,+94 71 000 0025
OUT026,manager_out026,Kamal Perera,manager.out026@waypath.example,+94 71 000 0026
OUT027,manager_out027,Imesha Samarasinghe,manager.out027@waypath.example,+94 71 000 0027
OUT028,manager_out028,Buddhika Gunathilaka,manager.out028@waypath.example,+94 71 000 0028
OUT029,manager_out029,Dilini Bandara,manager.out029@waypath.example,+94 71 000 0029
OUT030,manager_out030,Mahesh Fernando,manager.out030@waypath.example,+94 71 000 0030
OUT031,manager_out031,Madhavi Weerakoon,manager.out031@waypath.example,+94 71 000 0031
OUT032,manager_out032,Pradeep Herath,manager.out032@waypath.example,+94 71 000 0032
OUT033,manager_out033,Tharushi Jayawardena,manager.out033@waypath.example,+94 71 000 0033
OUT034,manager_out034,Janaka Liyanage,manager.out034@waypath.example,+94 71 000 0034
OUT035,manager_out035,Ayesha Kumari,manager.out035@waypath.example,+94 71 000 0035
OUT036,manager_out036,Chathura Ratnayake,manager.out036@waypath.example,+94 71 000 0036
OUT037,manager_out037,Kavindi Silva,manager.out037@waypath.example,+94 71 000 0037
OUT038,manager_out038,Saman Abeywickrama,manager.out038@waypath.example,+94 71 000 0038
OUT039,manager_out039,Hiruni Dissanayake,manager.out039@waypath.example,+94 71 000 0039
OUT040,manager_out040,Nimal Wickramasinghe,manager.out040@waypath.example,+94 71 000 0040
OUT041,manager_out041,Nadeesha Perera,manager.out041@waypath.example,+94 71 000 0041
OUT042,manager_out042,Rajitha Samarasinghe,manager.out042@waypath.example,+94 71 000 0042
OUT043,manager_out043,Sanduni Gunathilaka,manager.out043@waypath.example,+94 71 000 0043
OUT044,manager_out044,Lasith Bandara,manager.out044@waypath.example,+94 71 000 0044
OUT045,manager_out045,Sachini Fernando,manager.out045@waypath.example,+94 71 000 0045
OUT046,manager_out046,Kamal Weerakoon,manager.out046@waypath.example,+94 71 000 0046
OUT047,manager_out047,Imesha Herath,manager.out047@waypath.example,+94 71 000 0047
OUT048,manager_out048,Buddhika Jayawardena,manager.out048@waypath.example,+94 71 000 0048
OUT049,manager_out049,Dilini Liyanage,manager.out049@waypath.example,+94 71 000 0049
OUT050,manager_out050,Mahesh Kumari,manager.out050@waypath.example,+94 71 000 0050
OUT051,manager_out051,Madhavi Ratnayake,manager.out051@waypath.example,+94 71 000 0051
OUT052,manager_out052,Pradeep Silva,manager.out052@waypath.example,+94 71 000 0052
OUT053,manager_out053,Tharushi Abeywickrama,manager.out053@waypath.example,+94 71 000 0053
OUT054,manager_out054,Janaka Dissanayake,manager.out054@waypath.example,+94 71 000 0054
OUT055,manager_out055,Ayesha Wickramasinghe,manager.out055@waypath.example,+94 71 000 0055
OUT056,manager_out056,Chathura Perera,manager.out056@waypath.example,+94 71 000 0056
OUT057,manager_out057,Kavindi Samarasinghe,manager.out057@waypath.example,+94 71 000 0057
OUT058,manager_out058,Saman Gunathilaka,manager.out058@waypath.example,+94 71 000 0058
OUT059,manager_out059,Hiruni Bandara,manager.out059@waypath.example,+94 71 000 0059
OUT060,manager_out060,Dilini Perera,manager.out060@waypath.example,+94 71 000 0060
OUT061,manager_out061,Mahesh Samarasinghe,manager.out061@waypath.example,+94 71 000 0061
OUT062,manager_out062,Madhavi Gunathilaka,manager.out062@waypath.example,+94 71 000 0062
OUT063,manager_out063,Pradeep Bandara,manager.out063@waypath.example,+94 71 000 0063
OUT064,manager_out064,Tharushi Fernando,manager.out064@waypath.example,+94 71 000 0064
OUT065,manager_out065,Janaka Weerakoon,manager.out065@waypath.example,+94 71 000 0065
OUT066,manager_out066,Ayesha Herath,manager.out066@waypath.example,+94 71 000 0066
OUT067,manager_out067,Chathura Jayawardena,manager.out067@waypath.example,+94 71 000 0067
OUT068,manager_out068,Kavindi Liyanage,manager.out068@waypath.example,+94 71 000 0068
OUT069,manager_out069,Saman Kumari,manager.out069@waypath.example,+94 71 000 0069
OUT070,manager_out070,Hiruni Ratnayake,manager.out070@waypath.example,+94 71 000 0070
OUT071,manager_out071,Nimal Silva,manager.out071@waypath.example,+94 71 000 0071
OUT072,manager_out072,Nadeesha Abeywickrama,manager.out072@waypath.example,+94 71 000 0072
OUT073,manager_out073,Rajitha Dissanayake,manager.out073@waypath.example,+94 71 000 0073
OUT074,manager_out074,Sanduni Wickramasinghe,manager.out074@waypath.example,+94 71 000 0074
OUT075,manager_out075,Lasith Perera,manager.out075@waypath.example,+94 71 000 0075
OUT076,manager_out076,Sachini Samarasinghe,manager.out076@waypath.example,+94 71 000 0076
OUT077,manager_out077,Kamal Gunathilaka,manager.out077@waypath.example,+94 71 000 0077
OUT078,manager_out078,Imesha Bandara,manager.out078@waypath.example,+94 71 000 0078
OUT079,manager_out079,Buddhika Fernando,manager.out079@waypath.example,+94 71 000 0079
OUT080,manager_out080,Dilini Weerakoon,manager.out080@waypath.example,+94 71 000 0080
OUT081,manager_out081,Mahesh Herath,manager.out081@waypath.example,+94 71 000 0081
OUT082,manager_out082,Madhavi Jayawardena,manager.out082@waypath.example,+94 71 000 0082
OUT083,manager_out083,Pradeep Liyanage,manager.out083@waypath.example,+94 71 000 0083
OUT084,manager_out084,Tharushi Kumari,manager.out084@waypath.example,+94 71 000 0084
OUT085,manager_out085,Janaka Ratnayake,manager.out085@waypath.example,+94 71 000 0085
OUT086,manager_out086,Ayesha Silva,manager.out086@waypath.example,+94 71 000 0086
OUT087,manager_out087,Chathura Abeywickrama,manager.out087@waypath.example,+94 71 000 0087
OUT088,manager_out088,Kavindi Dissanayake,manager.out088@waypath.example,+94 71 000 0088
OUT089,manager_out089,Saman Wickramasinghe,manager.out089@waypath.example,+94 71 000 0089
OUT090,manager_out090,Hiruni Perera,manager.out090@waypath.example,+94 71 000 0090
OUT091,manager_out091,Nimal Samarasinghe,manager.out091@waypath.example,+94 71 000 0091
OUT092,manager_out092,Nadeesha Gunathilaka,manager.out092@waypath.example,+94 71 000 0092
OUT093,manager_out093,Rajitha Bandara,manager.out093@waypath.example,+94 71 000 0093
OUT094,manager_out094,Sanduni Fernando,manager.out094@waypath.example,+94 71 000 0094
OUT095,manager_out095,Lasith Weerakoon,manager.out095@waypath.example,+94 71 000 0095
OUT096,manager_out096,Sachini Herath,manager.out096@waypath.example,+94 71 000 0096
OUT097,manager_out097,Kamal Jayawardena,manager.out097@waypath.example,+94 71 000 0097
OUT098,manager_out098,Imesha Liyanage,manager.out098@waypath.example,+94 71 000 0098
OUT099,manager_out099,Buddhika Kumari,manager.out099@waypath.example,+94 71 000 0099
OUT100,manager_out100,Dilini Ratnayake,manager.out100@waypath.example,+94 71 000 0100
OUT101,manager_out101,Mahesh Silva,manager.out101@waypath.example,+94 71 000 0101
OUT102,manager_out102,Madhavi Abeywickrama,manager.out102@waypath.example,+94 71 000 0102
OUT103,manager_out103,Pradeep Dissanayake,manager.out103@waypath.example,+94 71 000 0103
OUT104,manager_out104,Tharushi Wickramasinghe,manager.out104@waypath.example,+94 71 000 0104
OUT105,manager_out105,Janaka Perera,manager.out105@waypath.example,+94 71 000 0105
OUT106,manager_out106,Ayesha Samarasinghe,manager.out106@waypath.example,+94 71 000 0106
OUT107,manager_out107,Chathura Gunathilaka,manager.out107@waypath.example,+94 71 000 0107
OUT108,manager_out108,Kavindi Bandara,manager.out108@waypath.example,+94 71 000 0108
OUT109,manager_out109,Saman Fernando,manager.out109@waypath.example,+94 71 000 0109
OUT110,manager_out110,Hiruni Weerakoon,manager.out110@waypath.example,+94 71 000 0110
OUT111,manager_out111,Nimal Herath,manager.out111@waypath.example,+94 71 000 0111
OUT112,manager_out112,Nadeesha Jayawardena,manager.out112@waypath.example,+94 71 000 0112
OUT113,manager_out113,Rajitha Liyanage,manager.out113@waypath.example,+94 71 000 0113
OUT114,manager_out114,Sanduni Kumari,manager.out114@waypath.example,+94 71 000 0114
OUT115,manager_out115,Lasith Ratnayake,manager.out115@waypath.example,+94 71 000 0115
OUT116,manager_out116,Sachini Silva,manager.out116@waypath.example,+94 71 000 0116
OUT117,manager_out117,Kamal Abeywickrama,manager.out117@waypath.example,+94 71 000 0117
OUT118,manager_out118,Imesha Dissanayake,manager.out118@waypath.example,+94 71 000 0118
OUT119,manager_out119,Buddhika Wickramasinghe,manager.out119@waypath.example,+94 71 000 0119
OUT120,manager_out120,Saman Silva,manager.out120@waypath.example,+94 71 000 0120
